trip,NPOC_ppm,site,sample_type,sample,fillStage_cm,analysis,Turbid.FTUeq,NO3.Neq_ppm,TOCeq_ppm,DOCeq_ppm,SAC254_Abs.m,SAC436_Abs.m,pseudo254,Abs_250,Abs_365,SlopeRatio,E2E3,two_seasons,SUVA,rackstage_cm,DateTime_sampled
10,5.549,WestLeech,Grab,Grab,NA,DOC,0,0,2.5116666666666667,2.146,5.234666666666667,0.12466666666666668,6.048616666666667,6.2561333333333335,1.4398333333333333,1.0077270391597866,4.345039935177683,dry,0.9433531567249354,NA,2019-06-12T17:30:00Z
10,6.369,Tunnel,Grab,Grab,NA,DOC,0,0,2.586,2.205,5.378,0.13033333333333333,6.22045,6.434,1.4921666666666666,1.0076360288456523,4.311850776276109,dry,0.8444025749725232,NA,2019-06-12T18:30:00Z
10,5.02,CraggCrk,Grab,Grab,NA,DOC,0,0,2.5549999999999997,2.257,5.504333333333333,0.137,6.158566666666667,6.333066666666666,1.4161333333333332,1.0098762822767895,4.472083607946521,dry,1.096480743691899,NA,2019-06-12T19:15:00Z
10,6.842,LeechHead,Grab,Grab,NA,DOC,0,0,3.8516666666666666,3.2796666666666665,7.999333333333333,0.18666666666666668,9.2669,9.568200000000001,2.1488,1.002935161370043,4.452810871183917,dry,1.1691513202767223,NA,2019-06-12T20:15:00Z
10,12.81,Weeks,Grab,Grab,NA,DOC,0,0.562,14.369,11.367999999999999,27.7265,0.484,34.427525,35.86195,8.4801,1.0002069947337053,4.228953667999198,dry,2.1644418423106946,NA,2019-06-12T21:45:00Z
10,6.766,ChrisCrk,Grab,Grab,NA,DOC,0,0,3.094666666666667,2.6936666666666667,6.570333333333333,0.16133333333333333,7.453516666666666,7.6721,1.7188999999999999,1.0058668837628453,4.463377741578917,dry,0.9710808946694255,NA,2019-06-12T22:00:00Z
10,10.26,Jarvis,Grab,Grab,NA,DOC,0,0.11366666666666667,8.23,6.860333333333333,16.733,0.29066666666666663,19.761483333333334,20.467433333333332,4.555433333333333,1.0003552834175589,4.492971762657047,dry,1.6308966861598442,NA,2019-06-12T22:20:00Z
10,7.171,Lazar,Grab,Grab,NA,DOC,0,0,2.965,2.562333333333333,6.249333333333333,0.158,7.139966666666667,7.3441,1.6739,1.0047371340803883,4.387418603261843,dry,0.8714730627992376,NA,2019-06-12T20:35:00Z
10,12.68,Rithet,Grab,Grab,NA,DOC,0,0,3.7616666666666667,3.113,7.593,0.18966666666666665,9.043466666666667,9.3094,2.3152666666666666,1.0024748258491292,4.020875925019436,dry,0.5988170347003154,NA,2019-06-12T23:00:00Z
10,0.8923,Lab,QA-QC,RO,NA,DOC,NA,NA,NA,NA,NA,NA,NA,NA,NA,NA,NA,dry,NA,NA,NA
11,1.266,Lab,QA-QC,RO,NA,DOC,NA,NA,NA,NA,NA,NA,NA,NA,NA,NA,NA,dry,NA,NA,NA
11,1.082,Lab,QA-QC,RO,NA,DOC,NA,NA,NA,NA,NA,NA,NA,NA,NA,NA,NA,dry,NA,NA,NA
11,1.041,Lab,QA-QC,RO,NA,DOC,NA,NA,NA,NA,NA,NA,NA,NA,NA,NA,NA,dry,NA,NA,NA
11,6.959,Deception-res,Grab,Grab,NA,DOC,0,0,4.69,3.779333333333333,9.218,0.19833333333333333,11.275116666666666,11.574666666666667,2.6822333333333335,1.000971674073484,4.315309381485578,dry,1.3246156056904728,NA,2019-06-28T16:45:00Z
11,4.788,WestLeech,Grab,Grab,NA,DOC,0,0,2.493333333333333,2.131666666666667,5.199,0.14133333333333334,6.000816666666667,6.1639333333333335,1.4427,1.004109913384772,4.272498324900072,dry,1.0858395989974936,NA,2019-06-28T17:30:00Z
11,6.066,Tunnel,Grab,Grab,NA,DOC,0,0,2.5166666666666666,2.124833333333333,5.182333333333333,0.152,6.062666666666667,6.21715,1.5210333333333332,1.0047401268356717,4.087451513225658,dry,0.8543246510605561,NA,2019-06-28T18:45:00Z
11,6.125,Tunnel,Grab,Grab,NA,DOC,0,0,2.5166666666666666,2.124833333333333,5.182333333333333,0.152,6.062666666666667,6.21715,1.5210333333333332,1.0047401268356717,4.087451513225658,dry,0.8460952380952381,NA,2019-06-28T18:45:00Z
11,4.184,CraggCrk,Grab,Grab,NA,DOC,0,0,2.4313333333333333,2.121,5.172666666666666,0.145,5.854283333333333,6.0004333333333335,1.3679666666666668,1.007208698576402,4.386388557226053,dry,1.2362970044614403,NA,2019-06-28T19:30:00Z
11,6.168,LeechHead,Grab,Grab,NA,DOC,0,0,3.667333333333333,3.1046666666666667,7.572666666666667,0.18533333333333332,8.818633333333334,9.086466666666666,2.0764,1.0024508549697981,4.376067552815771,dry,1.2277345438824039,NA,2019-06-28T20:30:00Z
11,12.01,Weeks,Grab,Grab,NA,DOC,0.104,0.482,13.668333333333333,10.386,25.332,0.5023333333333333,32.74263333333333,34.0701,8.697166666666666,NA,3.91737922311864,dry,2.1092422980849292,NA,2019-06-28T20:45:00Z
11,6.55,Weeks-Lake,Grab,Grab,NA,DOC,0,0.13466666666666666,7.842,6.443,15.714333333333332,0.2733333333333334,18.8318,19.401166666666665,4.2527333333333335,1.0004487294007087,4.562046370177611,dry,2.3991348600508906,NA,2019-06-28T21:15:00Z
11,6.447,ChrisCrk,Grab,Grab,NA,DOC,0,0,3.8213333333333335,3.344333333333333,8.157666666666668,0.20299999999999999,9.20015,9.459133333333334,2.0634333333333332,1.0033476853827508,4.584172011049546,dry,1.2653430536166694,NA,2019-06-28T21:20:00Z
11,4.479,Worley-Lake,Grab,Grab,NA,DOC,0,0,4.303,3.705,9.036333333333333,0.18266666666666667,10.34535,10.600200000000001,2.2030666666666665,1.0027037039421698,4.811565696302125,dry,2.0174890228473616,NA,2019-06-28T21:50:00Z
11,5.919,Jarvis,Grab,Grab,NA,DOC,0,0.07666666666666667,7.185666666666666,6.030666666666667,14.709,0.2743333333333333,17.271700000000003,17.849,3.9421333333333335,1.0006828547469389,4.527751471284583,dry,2.4850481500253423,NA,2019-06-28T22:10:00Z
11,8.951,Jarvis-Lake,Grab,Grab,NA,DOC,0,0,4.529333333333334,3.9176666666666664,9.555333333333333,0.17966666666666667,10.897066666666667,11.1896,2.2446666666666664,1.0020440349537896,4.984971784971786,dry,1.0675157338100025,NA,2019-06-28T22:30:00Z
11,5.965,Lazar,Grab,Grab,NA,DOC,0,0,2.8866666666666667,2.409,5.875666666666667,0.16766666666666666,6.948716666666667,7.110733333333333,1.8853666666666666,1.002524772908592,3.771538692738813,dry,0.9850237496507405,NA,2019-06-28T22:40:00Z
11,11.55,Rithet,Grab,Grab,NA,DOC,0,0,4.7523333333333335,3.8633333333333333,9.423333333333334,0.21533333333333332,11.419166666666666,11.7718,2.949,1.0010332743706816,3.9917938284164127,dry,0.8158730158730159,NA,2019-06-28T23:15:00Z
11,1.048,Lab,QA-QC,RO,NA,DOC,NA,NA,NA,NA,NA,NA,NA,NA,NA,NA,NA,dry,NA,NA,NA
11,0.9395,Lab,QA-QC,RO,NA,DOC,NA,NA,NA,NA,NA,NA,NA,NA,NA,NA,NA,dry,NA,NA,NA
12,0.5333,Lab,QA-QC,RO,NA,DOC,NA,NA,NA,NA,NA,NA,NA,NA,NA,NA,NA,dry,NA,NA,NA
12,5.968,Tunnel,Grab,Grab,NA,DOC,NA,NA,NA,NA,NA,NA,NA,NA,NA,NA,NA,dry,NA,NA,2019-07-15T17:30:00Z
12,6.078,Tunnel,Grab,Grab,NA,DOC,NA,NA,NA,NA,NA,NA,NA,NA,NA,NA,NA,dry,NA,NA,2019-07-16T17:30:00Z
12,4.443,CraggCrk,Grab,Grab,NA,DOC,NA,NA,NA,NA,NA,NA,NA,NA,NA,NA,NA,dry,NA,NA,2019-07-16T18:30:00Z
12,6.396,WestLeech,Grab,Grab,NA,DOC,NA,NA,NA,NA,NA,NA,NA,NA,NA,NA,NA,dry,NA,NA,2019-07-17T15:45:00Z
12,7.684,Leech-upstreamconfluence,Grab,Grab,NA,DOC,NA,NA,NA,NA,NA,NA,NA,NA,NA,NA,NA,dry,NA,NA,2019-07-17T19:45:00Z
12,5.766,W.L-Falls,Grab,Grab,NA,DOC,NA,NA,NA,NA,NA,NA,NA,NA,NA,NA,NA,dry,NA,NA,2019-07-18T17:15:00Z
12,6.508,LeechHead,Grab,Grab,NA,DOC,NA,NA,NA,NA,NA,NA,NA,NA,NA,NA,NA,dry,NA,NA,2019-07-18T21:00:00Z
12,8.515,Jarvis,Grab,Grab,NA,DOC,NA,NA,NA,NA,NA,NA,NA,NA,NA,NA,NA,dry,NA,NA,2019-07-18T22:00:00Z
12,5.588,Tunnel,Grab,Grab,NA,DOC,NA,NA,NA,NA,NA,NA,NA,NA,NA,NA,NA,dry,NA,NA,2019-07-19T21:15:00Z
12,0.8424,Lab,QA-QC,RO,NA,DOC,NA,NA,NA,NA,NA,NA,NA,NA,NA,NA,NA,dry,NA,NA,NA
12,0.6792,Lab,QA-QC,RO,NA,DOC,NA,NA,NA,NA,NA,NA,NA,NA,NA,NA,NA,dry,NA,NA,NA
13,10.92,Rithet,Grab,Grab,NA,DOC,0,0,4.305666666666667,3.506666666666667,8.552333333333333,0.19233333333333333,10.3515,10.732966666666666,2.714566666666667,1.0007907877800137,3.953841619902501,dry,0.7831807081807082,NA,2019-07-24T17:00:00Z
13,6.528,Lazar,Grab,Grab,NA,DOC,0,0,2.405,2.126,5.185,0.14066666666666666,5.795983333333334,5.9719,1.3918666666666666,1.007451582445713,4.290569020021075,dry,0.7942708333333334,NA,2019-07-24T17:20:00Z
13,9.178,Jarvis,Grab,Grab,NA,DOC,0,0.02,6.476,5.437666666666667,13.263,0.24,15.562883333333332,16.112133333333333,3.5753666666666666,1.0009969843623563,4.506428245121712,dry,1.44508607539769,NA,2019-07-24T17:35:00Z
13,6.042,ChrisCrk,Grab,Grab,NA,DOC,0,0,2.679333333333333,2.328,5.678,0.138,6.450566666666667,6.6461,1.4713,1.0057341191893716,4.5171616937402295,dry,0.9397550479973519,NA,2019-07-24T18:15:00Z
13,8.986,Weeks,Grab,Grab,NA,DOC,0,0.3666666666666667,11.035666666666666,8.541,20.832,0.425,26.471333333333334,27.480633333333333,7.2338,1.0003177641038599,3.7989208069525473,dry,2.3182728689071888,NA,2019-07-24T19:30:00Z
13,6.017,LeechHead,Grab,Grab,NA,DOC,0,0,3.342,2.8853333333333335,7.0376666666666665,0.179,8.04585,8.303133333333333,1.8878666666666666,1.0033698266500337,4.398156649480896,dry,1.1696304913855187,NA,2019-07-24T19:50:00Z
13,3.751,CraggCrk,Grab,Grab,NA,DOC,0,0,2.1443333333333334,1.9236666666666666,4.692,0.14133333333333334,5.16935,5.303633333333333,1.2061,1.0092925178264278,4.397341292872343,dry,1.2508664356171688,NA,2019-07-24T21:00:00Z
13,6.495,Deception-res,Lake,0m,NA,DOC,0,0,4.415,3.8146666666666667,9.303666666666667,0.19,10.615716666666668,10.902133333333333,2.2424,1.0029593510683745,4.861814722321323,dry,1.4324352065691557,NA,2019-07-25T17:30:00Z
13,5.446,Deception-res,Lake,5m,NA,DOC,NA,NA,NA,NA,NA,NA,NA,NA,NA,NA,NA,dry,NA,NA,2019-07-25T17:30:00Z
13,5.8,Jarvis-Lake,Lake,mid,NA,DOC,0,0,3.713,3.3486666666666665,8.166333333333334,0.15566666666666668,8.938966666666666,9.198033333333333,1.6385666666666667,1.0043736631134927,5.6134629859429985,dry,1.4079885057471266,NA,2019-07-25T20:45:00Z
13,6.383,Weeks-Lake,Lake,Secchi+1,NA,DOC,0,0.051333333333333335,6.765,5.810333333333333,14.172,0.2583333333333333,15.921216666666666,16.42256666666667,3.2385333333333333,1.0011934639366717,5.070988925027791,dry,2.2202725990913366,NA,2019-07-26T18:00:00Z
13,6.641,Weeks-Lake,Lake,Bottom,NA,DOC,0,0.063,7.086,5.93,14.464,0.267,17.01205,17.571166666666667,3.8949,1.0008582866041864,4.511326777752103,dry,2.177985243186267,NA,2019-07-26T18:00:00Z
14,5.735,CraggCrk,Grab,Grab,NA,DOC,NA,NA,NA,NA,NA,NA,NA,NA,NA,NA,NA,dry,NA,NA,2019-08-21T16:30:00Z
14,8.265,ChrisCrk,Grab,Grab,NA,DOC,NA,NA,NA,NA,NA,NA,NA,NA,NA,NA,NA,dry,NA,NA,2019-08-21T20:20:00Z
14,8.502,Lazar,Grab,Grab,NA,DOC,NA,NA,NA,NA,NA,NA,NA,NA,NA,NA,NA,dry,NA,NA,2019-08-21T16:00:00Z
14,9.807,Jarvis,Grab,Grab,NA,DOC,NA,NA,NA,NA,NA,NA,NA,NA,NA,NA,NA,dry,NA,NA,2019-08-21T16:10:00Z
14,7.091,LeechHead,Grab,Grab,NA,DOC,NA,NA,NA,NA,NA,NA,NA,NA,NA,NA,NA,dry,NA,NA,2019-08-22T16:20:00Z
14,10.25,Weeks,Grab,Grab,NA,DOC,NA,NA,NA,NA,NA,NA,NA,NA,NA,NA,NA,dry,NA,NA,2019-08-22T17:20:00Z
14,6.469,Tunnel,Grab,Grab,0,DOC,NA,NA,NA,NA,NA,NA,NA,NA,NA,NA,NA,dry,NA,NA,2019-08-22T21:25:00Z
14,4.684,WestLeech,Grab,Grab,7,DOC,NA,NA,NA,NA,NA,NA,NA,NA,NA,NA,NA,dry,NA,NA,2019-08-23T16:20:00Z
14,7.14,LeechHead,Grab,late-FP,NA,DOC,NA,NA,NA,NA,NA,NA,NA,NA,NA,NA,NA,dry,NA,NA,2019-08-22T16:20:00Z
15,7.227,CraggCrk,Grab,Grab,NA,DOC,0,0.39333333333333337,4.029333333333334,3.5803333333333334,8.733,0.17133333333333334,9.69385,10.0652,2.0001333333333333,1.0032685351622628,5.032264515698954,dry,1.2083852220838522,NA,2019-09-20T17:10:00Z
15,9.037,ChrisCrk,Grab,Grab,NA,DOC,0,0.117,6.358333333333333,5.5423333333333336,13.518333333333333,0.24433333333333335,15.289416666666666,15.867633333333334,3.187733333333333,1.0009639847032674,4.9777166638782004,dry,1.49588727822655,NA,2019-09-20T18:25:00Z
15,13.44,Weeks,Grab,Grab,NA,DOC,0,0.7583333333333333,15.641333333333334,12.443333333333333,30.349,0.498,37.3794,39.23823333333333,9.0183,0.9997533338190545,4.35095675829517,dry,2.258110119047619,NA,2019-09-20T19:10:00Z
15,12.91,Weeks,Rack,L1,28,DOC,7.440666666666667,0.4033333333333333,14.898333333333333,9.632666666666667,23.494333333333334,0.5136666666666667,35.662333333333336,36.995733333333334,12.124699999999999,NA,3.0512699970583466,dry,1.8198554092434804,28,2019-09-13T00:40:00Z
15,9.078,WestLeech,Grab,Grab,NA,DOC,0,0.4206666666666667,9.734333333333334,8.292333333333334,20.224666666666668,0.324,23.358133333333335,24.34906666666667,4.9329,1.0000957316252874,4.936055194037315,dry,2.2278769185576857,NA,2019-09-20T21:30:00Z
15,10.01,WestLeech,Rack,L1,26,DOC,0.14466666666666667,0.579,10.347333333333333,8.443333333333333,20.592666666666666,0.349,24.82915,25.864533333333334,5.930866666666667,NA,4.3610040129042416,dry,2.0572094572094572,26,2019-09-18T08:30:00Z
15,8.854,Tunnel,Grab,Grab,NA,DOC,0,0.44133333333333336,7.310666666666666,6.294333333333333,15.352,0.283,17.57476666666667,18.2637,3.722766666666667,1.0003217178230497,4.905948085205448,dry,1.7339055793991418,NA,2019-09-20T22:30:00Z
16,18.74,Weeks,Grab,Grab,40,DOC,0.13933333333333334,NaN,21.651333333333334,17.329,42.266666666666666,0.6613333333333333,51.49861666666666,54.43066666666667,12.173766666666667,NA,4.471144236377127,dry,2.2554251156172183,NA,2019-10-12T21:30:00Z
16,17.86,Weeks,Rack,L1,31,DOC,0.059666666666666666,0.6666666666666666,19.606333333333332,15.837333333333333,38.62733333333333,0.605,46.75771666666667,49.211866666666666,10.846766666666667,NA,4.537007956288049,dry,2.1627846211272863,31,2019-09-26T10:43:00Z
16,11.64,LeechHead,Grab,Grab,95,DOC,0,0.45166666666666666,12.230666666666666,10.256666666666668,25.016666666666666,0.412,29.336416666666665,30.620333333333335,6.4818999999999996,1.0000256928738682,4.723974966187898,dry,2.1491981672394043,NA,2019-10-12T18:45:00Z
16,9.223,LeechHead,Rack,L1,88,DOC,0,0.03833333333333333,4.548666666666667,3.6266666666666665,8.845333333333333,0.22833333333333333,10.938483333333334,11.3154,2.9317,1.0009440044234916,3.8596718627417537,dry,0.9590516462467019,88,2019-09-22T08:10:00Z
16,7.473,CraggCrk,Grab,Grab,15,DOC,0,0.06366666666666666,5.535333333333333,4.859999999999999,11.853,0.213,13.322483333333333,13.844766666666667,2.7720333333333333,1.0011495218791764,4.994444511249263,dry,1.586109995985548,NA,2019-10-12T17:00:00Z
16,6.853,ChrisCrk,Grab,Grab,NA,DOC,0,0,5.1593333333333335,4.4976666666666665,10.970666666666666,0.21466666666666667,12.416983333333334,12.853833333333334,2.7097,1.0016432369307056,4.743637056992779,dry,1.6008560727661851,NA,2019-10-12T23:00:00Z
16,6.454,West-Jordan,Grab,Grab,NA,DOC,1.359,0.08533333333333333,5.099,3.965,9.671000000000001,0.19466666666666668,12.2633,12.688266666666665,3.5311,NA,3.5932900984584593,dry,1.4984505732878837,NA,2019-10-12T22:00:00Z
16,16.73,Jarvis,Grab,Grab,NA,DOC,0,NaN,20.332,17.081333333333333,41.66166666666667,0.622,48.361916666666666,51.12246666666667,10.5151,1.0001251426748277,4.861814596786209,dry,2.49023709902371,NA,2019-10-12T16:30:00Z
16,8.646,Lazar,Grab,Grab,NA,DOC,0,0.05766666666666667,5.262,4.611,11.245666666666667,0.21666666666666667,12.661216666666666,13.112566666666666,2.6682,1.001507822604162,4.914386727631611,dry,1.3006785411365562,NA,2019-10-12T16:00:00Z
16,7.188,WestLeech,Grab,Grab,18,DOC,0,0.183,7.966666666666667,6.827,16.651,0.28200000000000003,19.153750000000002,19.908366666666666,4.1106,1.0003655151537314,4.8431778004833035,dry,2.3164997217584866,NA,2019-10-12T16:00:00Z
16,9.442,WestLeech,Rack,L1,23,DOC,2.037,0.388,12.371333333333334,9.612,23.443666666666665,0.423,29.66721666666667,30.82946666666667,7.818366666666667,NA,3.9432106450196334,dry,2.482913224599308,23,2019-10-07T16:17:00Z
16,7.625,Tunnel,Grab,Grab,0,DOC,0,0.142,7.173,6.091333333333333,14.857,0.26366666666666666,17.255899999999997,17.928333333333335,3.786966666666667,1.0001334907611583,4.734220000176043,dry,1.9484590163934425,NA,2019-10-12T18:30:00Z
16,7.526,Tunnel,QA-QC,HoldTime-A1,NA,DOC,0,0.12766666666666668,6.971333333333333,5.982666666666667,14.591666666666667,0.267,16.774183333333333,17.4305,3.6270000000000002,1.000383407965766,4.8057623380204015,dry,1.938834263442289,NA,2019-10-12T18:30:00Z
16,7.61,Tunnel,QA-QC,HoldTime-A2,NA,DOC,0,0.13699999999999998,7.013,5.981333333333334,14.588666666666667,0.258,16.862183333333334,17.543233333333333,3.6473333333333335,1.0001605422581505,4.809879363918845,dry,1.9170389837932544,NA,2019-10-12T18:30:00Z
16,7.527,Tunnel,QA-QC,HoldTime-A3,NA,DOC,0,0.12633333333333335,7.025,5.980333333333333,14.586333333333334,0.26333333333333336,16.900683333333333,17.562933333333334,3.6841333333333335,1.0001673531428228,4.767181788570808,dry,1.9378681192152696,NA,2019-10-12T18:30:00Z
16,7.536,Tunnel,QA-QC,HoldTime-A4,NA,DOC,0,0.12933333333333333,6.999,5.985666666666667,14.599333333333334,0.26933333333333337,16.83295,17.494466666666668,3.6438,1.0002554546406042,4.801159961212654,dry,1.9372788393489033,NA,2019-10-12T18:30:00Z
16,7.503,Tunnel,QA-QC,HoldTime-A5,NA,DOC,0,0.13533333333333333,7.0183333333333335,5.973333333333334,14.569666666666667,0.26466666666666666,16.86975,17.555833333333332,3.6706333333333334,1.0000821324975668,4.78278044660776,dry,1.9418454840286108,NA,2019-10-12T18:30:00Z
17,9.342,LeechHead,Grab,Grab,137,DOC,0,0.607,14.281,11.575,28.232,0.47,34.175749999999994,35.752,7.9983,0.933601456062592,4.469949864346174,wet,3.0220509526867905,NA,2019-10-23T20:35:00Z
17,7.903,LeechHead,Rack,L1,98,DOC,0,0.526,12.899,10.487,25.577,0.409,30.93035,32.3777,7.2026,0.9998397182213563,4.49527948240913,wet,3.236365936985955,98,2019-10-16T09:20:00Z
17,9.808,LeechHead,Rack,L2,117,DOC,0.723,1.009,17.429,14.17,34.56,0.544,41.6235,43.7573,9.7214,NA,4.501131524266053,wet,3.5236541598694946,117,2019-10-17T17:20:00Z
17,10.57,LeechHead,Rack,L3,131,DOC,0.396,0.847,17.78,14.338,34.972,0.574,42.3836,44.6234,9.9234000000000009,NA,4.496785375980006,wet,3.3086092715231787,131,2019-10-18T01:20:00Z
17,8.292,LeechHead,Grab,Grab,125,DOC,0,0.5,13.428,10.945,26.694,0.44,32.163199999999996,33.5623,7.4898,0.933601456062592,4.4810675852492725,wet,3.2192474674384948,NA,2019-10-24T16:15:00Z
17,9.693,Weeks,Grab,Grab,84,DOC,0,0.683,18.114,14.536,35.454,0.552,43.272999999999996,45.2895,10.2459,0.46120516203997425,4.420255907240945,wet,3.6576911173011455,NA,2019-10-23T21:15:00Z
17,14.47,Weeks,Rack,L1,43,DOC,1.803,NaN,NaN,NaN,NaN,0.849,62.46825,67.5995,16.446,NA,4.110391584579837,wet,NaN,43,2019-10-17T13:43:00Z
17,15.03,Weeks,Rack,L2,58,DOC,1.365,NaN,NaN,NaN,NaN,0.863,62.926249999999996,67.5231,16.2735,NA,4.149267213568071,wet,NaN,58,2019-10-18T02:23:00Z
17,16.12,Weeks,Rack,L3,71,DOC,1.517,NaN,NaN,NaN,NaN,0.839,61.56155,65.9952,15.7394,NA,4.192993379671398,wet,NaN,71,2019-10-18T13:23:00Z
17,9.745,Weeks,Grab,Grab,NA,DOC,0,0.824,17.53,14.115,34.426,0.548,62.0918,66.3721,16.1645,0.46120516203997425,4.106041015806242,wet,3.5326834273986663,NA,2019-10-24T16:54:00Z
17,3.501,ChrisCrk,Grab,Grab,28,DOC,0,0,5.411,4.677,11.408,0.214,41.84795,43.8344,9.917,0.8304379740832837,4.420127054552789,wet,3.2584975721222507,NA,2019-10-23T22:10:00Z
17,6.001,ChrisCrk,Rack,L1,28,DOC,0,0.435,10.522,8.81,21.487,0.351,13.024450000000002,13.468,2.8463,1.0015723974397448,4.731757017882866,wet,3.5805699050158304,28,2019-10-17T21:55:00Z
17,9.055,ChrisCrk,Rack,L2,38,DOC,0,0.753,15.197,12.594,30.717,0.467,25.2442,26.3596,5.6836,0.999586592533445,4.637835174889155,wet,3.392269464384318,38,2019-10-22T00:25:00Z
17,3.334,ChrisCrk,Grab,Grab,26,DOC,0,0,5.199,4.511,11.003,0.223,36.41905,38.2925,8.1188,0.8304379740832837,4.71652214612997,wet,3.300239952009598,NA,2019-10-24T17:01:00Z
17,5.308,CraggCrk,Grab,Grab,52,DOC,0,0.165,8.684,7.426,18.112,0.318,12.5135,12.9408,2.8061,0.3211921747772027,4.611667438794056,wet,3.4122079879427276,NA,2019-10-23T19:25:00Z
17,4.313,CraggCrk,Rack,L1,25,DOC,0,0.157,6.596,5.559,13.559,0.224,20.868499999999997,21.6371,4.5983,1.0003290112122465,4.7054563643085485,wet,3.14375144910735,25,2019-10-17T09:43:00Z
17,6.593,CraggCrk,Rack,L2,43,DOC,0,0.597,11.078,9.383,22.886,0.36,15.85915,16.5204,3.5437,0.9996966551924946,4.661907046307531,wet,3.471257394205976,43,2019-10-17T23:23:00Z
17,7.396,CraggCrk,Rack,L3,65,DOC,0,0.486,12.03,10.198,24.873,0.375,26.57595,27.7567,5.739,0.9993839520081237,4.836504617529186,wet,3.3630340724716064,65,2019-10-22T03:33:00Z
17,4.99,CraggCrk,Grab,Grab,43,DOC,0,0.146,8.004,6.748,16.457,0.269,28.85135,30.075,6.138,0.3211921747772027,4.89980449657869,wet,3.297995991983968,NA,2019-10-24T17:30:00Z
17,4.855,Tunnel,Rack,L1,0,DOC,0,0.109,7.577,6.219,15.169,0.291,19.22555,19.9342,4.2772,1.000072942441973,4.660572337042926,wet,3.124407826982492,0,2019-10-13T08:07:00Z
17,4.692,Tunnel,Rack,L2,6,DOC,0,0.181,8.652,7.06,17.219,0.339,18.21365,18.9289,4.4397,0.9998617006453073,4.26355384372818,wet,3.6698635976129586,6,2019-10-17T04:47:00Z
17,7.485,Tunnel,Rack,L3,19,DOC,0,0.567,13.351,11.04,26.926,0.457,20.788899999999998,21.6628,5.0128,0.9996393312891534,4.321496967762528,wet,3.5973279893119567,19,2019-10-17T17:17:00Z
17,7.78,Tunnel,Rack,L4,39,DOC,0,0.607,13.618,11.272,27.492,0.465,32.041349999999994,33.4892,7.437,0.9996578578715575,4.50305230603738,wet,3.533676092544987,39,2019-10-17T23:47:00Z
17,8.12,Tunnel,Rack,L5,56,DOC,3.023,0.749,14.997,11.919,29.072,0.459,32.6413,34.1529,7.4786,NA,4.566750461316289,wet,3.580295566502463,56,2019-10-18T06:47:00Z
17,5.896,Tunnel,Rack,L6,71,DOC,0,0.371,10.766,8.783,21.421,0.365,35.873900000000006,37.5723,8.9091,0.9997351328919339,4.217294676229922,wet,3.6331411126187243,71,2019-10-22T03:17:00Z
17,5.067,Tunnel,Grab,Grab,34,DOC,0,0.168,8.627,7.283,17.762,0.332,25.83995,26.9344,6.0946,0.999807873546349,4.419387654645096,wet,3.5054272745214132,NA,2019-10-24T19:11:00Z
17,4.95,Lab,QA-QC,Cal-ver1_4.562ppm,NA,DOC,NA,NA,NA,NA,NA,NA,NA,NA,NA,NA,NA,wet,NA,NA,NA
17,6.531,Lazar,Grab,Grab,NA,DOC,0,0.315,10.462,8.884,21.669,0.369,13.46255,18.4792,0.915,0.873838104555981,20.19584699453552,wet,3.317868626550299,NA,2019-10-23T17:00:00Z
17,3.852,Rithet,Grab,Grab,NA,DOC,0,0.17,6.326,5.397,13.162,0.245,25.12695,26.0663,5.4249,1.000016215443373,4.804936496525281,wet,3.4169262720664593,NA,2019-10-23T16:00:00Z
17,11.18,Jarvis,Grab,Grab,NA,DOC,0,0.558,20.309,16.661,40.636,0.689,15.21575,15.7355,3.4283,1.0001703535085158,4.589884199165767,wet,3.6347048300536677,NA,2019-10-23T18:00:00Z
17,4.747,WestLeech,Grab,Grab,38,DOC,0,0.108,8.087,6.85,16.708,0.299,48.3243,50.7886,11.3114,0.37429260558538224,4.490036600244001,wet,3.5196966505161154,NA,2019-11-23T16:45:00Z
17,5.432,WestLeech,Rack,L1,23,DOC,0,0.238,9.715,8.048,19.628,0.356,19.4301,20.129,4.4037,1.0004871048055624,4.5709289915298505,wet,3.6134020618556697,23,2019-10-16T17:17:00Z
17,9.742,WestLeech,Rack,L2,36,DOC,0.297,0.807,17.253,14.162,34.541,0.561,23.31015,24.3355,5.4478,NA,4.467032563603657,wet,3.5455758571135285,36,2019-10-17T16:27:00Z
17,9.471,WestLeech,Rack,L3,53,DOC,0.711,0.768,16.89,13.733,33.494,0.535,41.344849999999994,43.2673,9.6146,NA,4.500166413579349,wet,3.536479780382219,53,2019-10-18T00:17:00Z
17,7.173,WestLeech,Rack,L4,71,DOC,0.903,0.431,12.157,9.744,23.766,0.393,40.3754,42.3055,9.5273,NA,4.440450075047496,wet,3.3132580510246754,NA,NA
17,4.371,WestLeech,Grab,Grab,32,DOC,0,0.092,7.541,6.293,15.349,0.259,29.099899999999998,30.3649,7.1709,0.37429260558538224,4.234461504134767,wet,3.5115534202699608,NA,2019-10-24T18:25:00Z
17,5.455,Tunnel,QA-QC,HoldTime-B1,NA,DOC,0,0.222,9.35,7.806,19.04,0.333,18.1054,18.7862,4.0411,1.0004885277095037,4.648783746999579,wet,3.4903758020164983,NA,2019-10-12T08:00:00Z
17,5.512,Tunnel,QA-QC,HoldTime-B2,NA,DOC,0,0.214,9.282,7.873,19.203,0.358,22.454300000000003,23.2914,5.1466,1.0001032310272573,4.525589709711265,wet,3.4838534107402035,NA,2019-10-12T08:00:00Z
17,5.314,Tunnel,QA-QC,HoldTime-B3,NA,DOC,0,0.206,9.302,7.838,19.117,0.337,22.294,23.124,4.9795,1.0002521440284284,4.643839742946079,wet,3.597478359051562,NA,2019-10-12T08:00:00Z
17,5.297,Tunnel,QA-QC,HoldTime-B4,NA,DOC,0,0.202,9.403,7.877,19.213,0.343,22.34845,23.1817,5.0562,1.0001873093845826,4.584806771884024,wet,3.627147441948273,NA,2019-10-12T08:00:00Z
17,5.287,Tunnel,QA-QC,HoldTime-B5,NA,DOC,0,0.201,9.35,7.84,19.123,0.347,22.59705,23.398,5.1864,1.0001505939200552,4.511414468610211,wet,3.6169850576886704,NA,2019-10-12T08:00:00Z
17,4.103,Tunnel,QA-QC,HoldTime-A6,NA,DOC,0,0.115,7.015,5.982,14.59,0.266,22.4482,23.3273,5.0622,1.0001146642301617,4.608134803050057,wet,3.555934681940044,NA,2019-11-23T18:12:00Z
17,4.114,Tunnel,QA-QC,HoldTime-A7,NA,DOC,0,0.11,6.894,5.922,14.444,0.267,16.86725,17.5096,3.7141,1.0000818323008662,4.71435879486282,wet,3.5109382596013616,NA,2019-11-23T18:12:00Z
17,4.11,Tunnel,QA-QC,HoldTime-A8,NA,DOC,0,0.114,6.986,5.981,14.588,0.264,16.5799,17.2148,3.5926,1.0003673944435285,4.791738573734899,wet,3.5493917274939166,NA,2019-11-23T18:12:00Z
17,4.133,Tunnel,QA-QC,HoldTime-A9,NA,DOC,0,0.111,6.964,5.968,14.556,0.272,16.8126,17.4362,3.6642,1.0001135698168047,4.75852846460346,wet,3.5218969271715457,NA,2019-11-23T18:12:00Z
17,4.396,Tunnel,QA-QC,HoldTime-A10,NA,DOC,0,0.113,6.964,5.918,14.433,0.258,16.75385,17.3779,3.6703,1.0003572712166529,4.734735580197804,wet,3.2832120109190175,NA,2019-11-23T18:12:00Z
17,5.987,Lab,QA-QC,Cal-ver2_5.566ppm,NA,DOC,NA,NA,NA,NA,NA,NA,NA,NA,NA,NA,NA,wet,NA,NA,NA
17,0.6751,Lab,QA-QC,RO,NA,DOC,NA,NA,NA,NA,NA,NA,NA,NA,NA,NA,NA,wet,NA,NA,NA
17,0.5814,Lab,QA-QC,RO,NA,DOC,NA,NA,NA,NA,NA,NA,NA,NA,NA,NA,NA,wet,NA,NA,NA
17,0.5384,Lab,QA-QC,RO,NA,DOC,NA,NA,NA,NA,NA,NA,NA,NA,NA,NA,NA,wet,NA,NA,NA
18,5.115,Leech-downstreamconf,Grab,Grab,NA,DOC,0,0.147,6.91,5.81,14.171,0.275,16.61425,17.273,3.8143,1.0005640762706596,4.528484912041528,wet,2.7704789833822088,NA,2019-11-13T18:20:00Z
18,3.689,Lazar,Grab,Grab,NA,DOC,0,0.123,5.951,5.138,12.531,0.204,14.29765,14.8612,3.0002,1.001878586158069,4.95340310645957,wet,3.3968555164001084,NA,2019-11-14T19:00:00Z
18,4.228,WestLeech,Grab,Grab,20,DOC,0,0.205,7.816,6.535,15.94,0.309,18.74035,19.5003,4.3263,1.0002115431672627,4.507385063449137,wet,3.7701040681173135,NA,2019-11-13T18:10:00Z
18,2.498,Survey-East,Grab,Grab,NA,DOC,0,0,3.842,3.356,8.185,0.154,18.804450000000003,19.5582,4.3527,1.0001827172686943,4.493348955820525,wet,3.27662129703763,NA,2019-11-14T19:30:00Z
18,10,Weeks,Grab,Grab,43,DOC,0,0.751,18.829,15.2,37.073,0.601,9.243649999999999,9.572,2.0238,1.002989583366254,4.729716375135882,wet,3.7073,NA,2019-11-14T18:00:00Z
18,2.743,ChrisCrk,Grab,Grab,21,DOC,0,0,4.53,3.913,9.543,0.201,44.88125,47.1676,10.6559,1.0000482862577267,4.426430428213478,wet,3.479037550127597,NA,2019-11-14T18:30:00Z
18,6.188,LeechHead,Grab,Grab,99,DOC,0,0.405,11.889,9.828,23.972,0.403,10.89285,11.2968,2.4519,1.001504962888106,4.607365716383212,wet,3.873949579831933,NA,2019-11-14T17:00:00Z
18,3.576,CraggCrk,Grab,Algae,NA,DOC,0,0.391,11.856,9.841,24.003,0.414,28.53365,29.6324,6.5464,1.0000411362337294,4.526518391787853,wet,6.7122483221476505,NA,2019-11-13T08:00:00Z
18,2.89,CraggCrk,Grab,Grab,17,DOC,0,0.0105,4.7620000000000005,4.0975,9.993500000000001,0.20400000000000001,20.131275000000002,20.90585,4.5776,0.4051416269112002,4.566989252009787,wet,3.4579584775086505,NA,2019-11-13T23:30:00Z
18,2.833,CraggCrk,Grab,Grab,17,DOC,0,0.0105,4.7620000000000005,4.0975,9.993500000000001,0.20400000000000001,20.131275000000002,20.90585,4.5776,0.4051416269112002,4.566989252009787,wet,3.527532650900106,NA,2019-11-13T23:30:00Z
18,2.842,CraggCrk,Grab,Grab,NA,DOC,0,0,4.653,4.084,9.96,0.202,11.07815,11.4669,2.3771,0.4051416269112002,4.823903075175634,wet,3.5045742434905,NA,2019-11-14T21:00:00Z
18,3.019,Tunnel,Grab,Treatability,0,DOC,0,0.014,5.2265,4.541,11.0755,0.2385,11.072,11.45935,2.3555,1.0028020781412073,4.864933135215453,wet,3.668598873799271,NA,2019-11-12T19:30:00Z
18,3.426,Tunnel,Grab,Treatability,0,DOC,0,0.014,5.2265,4.541,11.0755,0.2385,11.072,11.45935,2.3555,1.0028020781412073,4.864933135215453,wet,3.2327787507297137,NA,2019-11-12T19:30:00Z
18,5.464,Tunnel,QA-QC,HoldTime-B6,NA,DOC,0,0.058,6.023,4.969,12.119,0.251,14.1894,14.715,3.2853,1.0007049838703788,4.479043009770797,wet,2.217972181551976,NA,2019-10-23T08:00:00Z
18,5.443,Tunnel,QA-QC,HoldTime-B7,NA,DOC,0,0.223,9.216,7.706,18.795,0.303,14.475549999999998,15.0159,3.4574,1.0002076225992687,4.343119106843293,wet,3.4530589748300575,NA,2019-10-23T08:00:00Z
18,5.482,Tunnel,QA-QC,HoldTime-B8,NA,DOC,0,0.212,9.21,7.761,18.928,0.331,22.11105,23.0081,4.8696,1.0001440305076543,4.724843929686216,wet,3.4527544691718353,NA,2019-10-23T08:00:00Z
18,5.542,Tunnel,QA-QC,HoldTime-B9,NA,DOC,0,0.218,9.319,7.877,19.211,0.343,22.09985,22.9754,4.9083,1.0001818618195357,4.680928223621214,wet,3.4664381089859253,NA,2019-10-23T08:00:00Z
18,5.537,Tunnel,QA-QC,HoldTime-B10,NA,DOC,0,0.215,9.205,7.817,19.066,0.348,22.3936,23.2737,4.9962,1.000238251174981,4.658280293022697,wet,3.4433808921798805,NA,2019-10-23T08:00:00Z
18,3.47,Tunnel,QA-QC,HoldTime-C1,NA,DOC,0,0.218,9.225,7.736,18.869,0.332,22.101799999999997,22.9522,4.8605,1.0003904640586985,4.722189075198025,wet,5.437752161383285,NA,2019-11-12T08:00:00Z
18,3.436,Tunnel,QA-QC,HoldTime-C2,NA,DOC,0,0.046,5.97,5.024,12.254,0.265,22.12385,22.9979,4.9756,1.0001938273021933,4.622136023796125,wet,3.5663562281722934,NA,2019-11-12T08:00:00Z
18,3.221,Tunnel,QA-QC,HoldTime-C3,NA,DOC,0,0.023,5.983,5.017,12.238,0.265,14.34315,14.8878,3.346,1.0005346197564027,4.449432157800358,wet,3.7994411673393356,NA,2019-11-12T08:00:00Z
18,3.349,Tunnel,QA-QC,HoldTime-C4,NA,DOC,0,0.029,5.917,4.99,12.171,0.255,14.39135,14.8964,3.4381,1.0001335658369126,4.332741921410081,wet,3.6342191699014625,NA,2019-11-12T08:00:00Z
18,3.078,Tunnel,QA-QC,HoldTime-C5,NA,DOC,0,0.049,5.884,4.956,12.087,0.259,14.2234,14.7463,3.2774,1.000713634202482,4.499389760175749,wet,3.926900584795322,NA,2019-11-12T08:00:00Z
18,3.7,Tunnel,Grab,R1,NA,DOC,0,0.033,6.008,5.027,12.262,0.253,14.138649999999998,14.6715,3.2436,1.0004138365129056,4.5232149463559015,wet,3.314054054054054,NA,2019-11-13T22:00:00Z
18,3.58,Tunnel,Grab,R2,NA,DOC,0,0.088,6.601,5.511,13.443,0.272,14.441099999999999,14.9884,3.3892,1.0002861958809155,4.42240056650537,wet,3.7550279329608935,NA,2019-11-13T22:00:00Z
18,3.7,Tunnel,Grab,R3,NA,DOC,0,0.069,6.536,5.528,13.484,0.276,15.86635,16.4512,3.6985,1.0001563938811526,4.448073543328376,wet,3.644324324324324,NA,2019-11-13T22:00:00Z
18,4.628,Tunnel,Grab,R4,NA,DOC,0,0.077,6.578,5.531,13.491,0.269,15.709,16.3004,3.5529,1.000588554644375,4.587914098342199,wet,2.9150821089023333,NA,2019-11-13T22:00:00Z
18,3.628,Tunnel,Grab,R5,NA,DOC,0,0.086,6.56,5.505,13.427,0.262,15.8141,16.4025,3.67,1.0004929214237173,4.4693460490463215,wet,3.7009371554575523,NA,2019-11-13T22:00:00Z
18,7.569,Judge-crk,Grab,Treatability,NA,DOC,0,0.32925,10.076,8.441,20.587500000000002,0.3695,15.758049999999999,16.344,3.5824,1.0002137033862906,4.562304600267978,wet,2.7199762187871586,NA,2019-11-12T23:00:00Z
18,7.438,Judge-crk,Grab,Treatability,NA,DOC,0,0.32925,10.076,8.441,20.587500000000002,0.3695,15.758049999999999,16.344,3.5824,1.0002137033862906,4.562304600267978,wet,2.7678811508470025,NA,2019-11-12T23:00:00Z
18,2.39,Rithet,Grab,Treatability,NA,DOC,0,0,4.0135000000000005,3.4139999999999997,8.327,0.20650000000000002,32.565525,34.007400000000004,7.3233999999999995,0.9997648348312979,4.643662779583255,wet,3.4841004184100415,NA,2019-11-12T22:00:00Z
18,2.283,Rithet,Grab,Treatability,NA,DOC,0,0,4.0135000000000005,3.4139999999999997,8.327,0.20650000000000002,32.565525,34.007400000000004,7.3233999999999995,0.9997648348312979,4.643662779583255,wet,3.647393780113885,NA,2019-11-12T22:00:00Z
18,2.528,Rithet,Grab,Grab,NA,DOC,0,0.07,4.542,3.939,9.607,0.211,9.60605,9.9085,2.3368,1.0013813612248474,4.240200273878808,wet,3.8002373417721516,NA,2019-11-14T08:00:00Z
18,3.102,Deception-res,Grab,Treatability,NA,DOC,0,0,4.479,3.7969999999999997,9.261,0.20500000000000002,10.309199999999999,10.654900000000001,2.4078999999999997,1.0011013841107257,4.4249761202707765,wet,2.985493230174081,NA,2019-11-12T18:00:00Z
18,3.124,Deception-res,Grab,Treatability,NA,DOC,0,0,4.479,3.7969999999999997,9.261,0.20500000000000002,10.309199999999999,10.654900000000001,2.4078999999999997,1.0011013841107257,4.4249761202707765,wet,2.9644686299615874,NA,2019-11-12T18:00:00Z
18,2.164,Deception-crk,Grab,Grab,NA,DOC,0,0,3.593,3.156,7.698,0.195,10.738399999999999,11.011,2.5554,1.001536252691262,4.308914455662518,wet,3.557301293900185,NA,2019-11-12T18:30:00Z
18,0.65,Lab,QA-QC,RO,NA,DOC,NA,NA,NA,NA,NA,NA,NA,NA,NA,NA,NA,wet,NA,NA,NA
18,6.128,Lab,QA-QC,Cal-Ver,NA,DOC,NA,NA,NA,NA,NA,NA,NA,NA,NA,NA,NA,wet,NA,NA,NA
18,0.5701,Lab,QA-QC,RO,NA,DOC,NA,NA,NA,NA,NA,NA,NA,NA,NA,NA,NA,wet,NA,NA,NA
18,0.6102,Lab,QA-QC,RO,NA,DOC,NA,NA,NA,NA,NA,NA,NA,NA,NA,NA,NA,wet,NA,NA,NA
19,5.83,Rithet,Grab,Grab,NA,DOC,0,0.022,4.225,3.704,9.035,0.179,10.16215,10.5319,2.1697,1.003450552907678,4.854081209383786,wet,1.5497427101200687,NA,2019-11-22T22:30:00Z
19,9.512,Jarvis,Grab,Grab,NA,DOC,0,0.775,17.302,14.257,34.773,0.585,41.29805,43.183,9.5697,1.0002392142448042,4.512471655328799,wet,3.655698065601346,NA,2019-11-22T22:00:00Z
19,4.894,Lazar,Grab,Grab,NA,DOC,0,0.18,8.116,6.963,16.984,0.3,19.482999999999997,20.2144,4.1927,1.000858536701128,4.821332315691559,wet,3.470371883939518,NA,2019-11-22T21:30:00Z
19,9.016,Weeks,Grab,Grab,NA,DOC,0,0.709,17.379,14.069,34.314,0.573,41.45525,43.455,9.8135,1.0002491038333483,4.428083762164365,wet,3.8059006211180124,NA,2019-11-22T20:30:00Z
19,10.06,Weeks,Rack,L1,49,DOC,0,0.791,19.438,15.792,38.516,0.641,46.31895,48.5729,10.9349,1.0000261374203698,4.442006785613037,wet,3.8286282306163018,49,2019-11-17T01:23:00Z
19,10.1,Weeks,Rack,L2,63,DOC,0,0.766,19.096,15.286,37.283,0.595,45.48095,47.7882,10.8722,0.9999869054803959,4.3954489431761745,wet,3.6913861386138618,63,2019-11-17T14:13:00Z
19,10.62,Weeks,Rack,L3,79,DOC,0,0.77,20.276,16.324,39.816,0.642,48.385400000000004,50.6851,11.559,1.0000748073176682,4.384903538368371,wet,3.7491525423728818,79,2019-11-18T12:13:00Z
19,2.822,ChrisCrk,Grab,Grab,25,DOC,0,0,4.403,3.87,9.439,0.187,10.6033,10.9504,2.2622,1.0035095091653343,4.840597648306958,wet,3.3447909284195605,NA,2019-11-22T21:00:00Z
19,5.634,ChrisCrk,Rack,L1,28,DOC,0,0.393,9.58,7.981,19.466,0.347,22.9861,23.9778,5.1895,0.9993290187398762,4.620445129588592,wet,3.45509407170749,28,2019-11-17T13:05:00Z
19,6.746,ChrisCrk,Rack,L2,37,DOC,0,0.577,11.714,9.632,23.493,0.389,28.0665,29.3434,6.4098,0.9992244820946109,4.577896346219851,wet,3.482508152979543,37,2019-11-17T15:55:00Z
19,6.761,LeechHead,Grab,Grab,115,DOC,0,0.411,12.515,10.331,25.197,0.427,30.028100000000002,31.2189,6.8889,1.0000644073065794,4.531768497147586,wet,3.7268155598284274,NA,2019-11-22T19:50:00Z
19,7.262,LeechHead,Rack,L1,105,DOC,0,0.524,13.799,11.194,27.303,0.458,33.06395,34.5011,7.8475,1.000149078251319,4.396444727620262,wet,3.759708069402369,105,2019-11-17T01:50:00Z
19,8.115,LeechHead,Rack,L2,117,DOC,0,0.711,14.425,11.904,29.034,0.489,34.49395,36.1536,7.8083,0.9997250255313178,4.630149968623131,wet,3.577818853974122,117,2019-11-17T09:30:00Z
19,4.02,CraggCrk,Grab,Grab,37,DOC,0,0.069,6.527,5.708,13.921,0.257,15.682649999999999,16.2463,3.2831,1.0018931687005304,4.948463342572569,wet,3.4629353233830846,NA,2019-11-22T19:00:00Z
19,3.528,CraggCrk,Rack,L1,24,DOC,0,0.084,5.752,4.975,12.135,0.228,13.8284,14.3386,2.9844,1.0014889247765888,4.804516820801501,wet,3.439625850340136,24,2019-11-17T05:33:00Z
19,4.624,CraggCrk,Rack,L2,41,DOC,0,0.364,8.25,6.99,17.049,0.288,19.79185,20.6121,4.2755,1.000158758536078,4.820980002338908,wet,3.687067474048443,41,2019-11-17T11:13:00Z
19,6.778,CraggCrk,Rack,L3,60,DOC,0,0.635,11.603,9.773,23.835,0.394,27.82635,29.0142,6.0896,0.9993509067626845,4.764549395691014,wet,3.5165240483918563,60,2019-11-17T16:43:00Z
19,3.728,WestLeech,Grab,Grab,28,DOC,0,0.06,6.559,5.691,13.879,0.28,15.77035,16.3199,3.5073,1.0016635786680208,4.653123485302085,wet,3.722907725321888,NA,2019-11-22T16:45:00Z
19,4.485,WestLeech,Rack,L1,27,DOC,0,0.214,8.33,6.959,16.973,0.33,19.99935,20.7704,4.6172,1.0002313052856195,4.498483929654335,wet,3.7843924191750276,27,2019-11-17T00:57:00Z
19,6.391,WestLeech,Rack,L2,47,DOC,0,0.572,12.252,9.935,24.232,0.447,29.311349999999997,30.6409,7.0325,0.9995017853781955,4.357042303590473,wet,3.79158191206384,47,2019-11-17T09:07:00Z
19,8.296,WestLeech,Rack,L3,67,DOC,0,0.84,15.764,12.783,31.178,0.541,37.6819,39.4413,8.987,0.9995728146837786,4.38870590853455,wet,3.7581967213114758,67,2019-11-17T13:07:00Z
19,9.479,WestLeech,Rack,L4,84,DOC,1.279,0.721,16.016,12.68,30.927,0.514,38.2868,40.0785,9.5018,NA,4.217990275526742,wet,3.262685937335162,NA,NA
19,4.31,Tunnel,Grab,Grab,23,DOC,0,0.136,7.503,6.382,15.565,0.286,18.0354,18.6809,4,1.0007535784542105,4.670225,wet,3.6113689095127612,NA,2019-11-22T18:00:00Z
19,6.843,Tunnel,Rack,L1,19,DOC,0,0.505,11.777,9.723,23.716,0.411,28.268700000000003,29.4242,6.4411,0.999951191246345,4.568194873546444,wet,3.4657314043548153,19,2019-11-22T09:07:00Z
19,5.372,Tunnel,Rack,L2,35,DOC,0,0.372,9.951,8.104,19.766,0.379,23.887050000000002,24.8128,5.7875,0.9996525275879888,4.287308855291577,wet,3.6794489947877884,35,2019-11-17T09:37:00Z
19,6.39,Tunnel,Rack,L3,54,DOC,0,0.518,11.766,9.573,23.348,0.441,28.194499999999998,29.3978,6.7603,0.9994439952863674,4.348593997307812,wet,3.653834115805947,54,2019-11-17T11:57:00Z
19,9.024,Tunnel,Rack,L4,70,DOC,0,0.669,13.811,11.165,27.232,0.482,33.0838,34.604,7.9388,0.9992584833165211,4.358845165516199,wet,3.017730496453901,70,2019-11-17T14:47:00Z
19,7.584,Tunnel,Rack,L5,86,DOC,2.353,0.673,14.465,11.447,27.92,0.482,34.606300000000005,36.1148,8.7611,NA,4.1221764390316284,wet,3.6814345991561184,NA,NA
19,0.6061,Lab,QA-QC,tap-water,NA,DOC,NA,NA,NA,NA,NA,NA,NA,NA,NA,NA,NA,wet,NA,NA,NA
19,0.4427,Lab,QA-QC,RO,NA,DOC,NA,NA,NA,NA,NA,NA,NA,NA,NA,NA,NA,wet,NA,NA,NA
2,16.81,Weeks,Rack,L1,30,DOC,0,0.675,19.923,15.735,NaN,NaN,32.786699999999996,33.1768,26.7107,1.0003722062333908,1.2420790170231406,wet,NaN,30,2018-10-25T05:00:00Z
2,19.07,Weeks,Rack,L2,35,DOC,0,0.634,17.601,13.985,NaN,NaN,47.5355,50.0763,11.5706,0.9999581564427426,4.327891379876584,wet,NaN,35,2018-10-26T13:10:00Z
2,11.74,Weeks,Rack,L3,40,DOC,0,0.749,15.616,12.323,NaN,NaN,42.05205,44.049,10.145,1.0000420995970356,4.341941843272548,wet,NaN,40,2018-10-29T03:40:00Z
2,12.93,Weeks,Rack,L4,45,DOC,0,0.709,16.803,13.264,NaN,NaN,37.331649999999996,39.0322,9.0442,1.0000606592259293,4.315716149576525,wet,NaN,45,2018-10-30T07:30:00Z
2,12.32,Weeks,Rack,L5,50,DOC,0,NaN,NaN,NaN,NaN,NaN,40.1659,41.9658,9.6529,1.000007723647403,4.3474810678656155,wet,NaN,50,2018-10-31T00:10:00Z
2,10.66,Weeks,Grab,Grab,NA,DOC,0,0.538,16.339,13.075,NaN,NaN,21.104300000000002,21.885,5.0228,1.000315062382503,4.357131480449152,wet,NaN,NA,2018-11-06T21:55:00Z
2,8.305,LeechHead,Rack,L1,80,DOC,0,0.56,12.67,10.007,NaN,NaN,62.313500000000005,67.3561,15.665,0.9998111881703611,4.299782955633578,wet,NaN,NA,NA
2,9.335,LeechHead,Rack,L2,90,DOC,0.344,0.867,13.91,11.038,NaN,NaN,30.3597,31.6887,7.5571,NA,4.193235500390362,wet,NaN,90,2018-10-25T03:25:00Z
2,9.306,LeechHead,Rack,L3,100,DOC,0,0.641,13.868,11.084,NaN,NaN,33.269800000000004,34.8427,8.1913,0.9992882755756672,4.25362274608426,wet,NaN,100,2018-10-28T06:25:00Z
2,9.406,LeechHead,Rack,L4,110,DOC,0,0.621,13.978,11.256,NaN,NaN,33.20035,34.6345,8.0087,0.9997706432462878,4.3246094871826894,wet,NaN,110,2018-10-29T03:45:00Z
2,10.3,LeechHead,Rack,L5,120,DOC,0,0.778,15.382,12.267,NaN,NaN,33.47825,34.9505,8.0078,0.9998040472777628,4.364557056869552,wet,NaN,120,2018-11-02T03:45:00Z
2,8.702,LeechHead,Grab,Grab,NA,DOC,0,0.496,13.972,11.229,NaN,NaN,36.773849999999996,38.4381,8.8504,0.9998424807317422,4.343091837657055,wet,NaN,NA,2018-11-06T20:20:00Z
2,5.411,ChrisCrk,Rack,L1,30,DOC,0,0.252,8.861,7.147,NaN,NaN,33.51665,34.8218,7.9955,1.0001024515996642,4.355174785817023,wet,NaN,30,2018-10-26T10:15:00Z
2,7.486,ChrisCrk,Rack,L2,35,DOC,0,0.344,10.014,8.04,NaN,NaN,21.26695,22.0896,5.0748,0.9995749002762304,4.352802080870182,wet,NaN,35,2018-10-28T08:15:00Z
2,9.157,ChrisCrk,Rack,L3,45,DOC,0,0.521,11.884,9.356,NaN,NaN,24.01955,25.0053,5.8095,0.9994835391838296,4.3042086238058355,wet,NaN,45,2018-11-02T06:45:00Z
2,7.041,ChrisCrk,Rack,L4,55,DOC,0,0.403,10.784,8.635,NaN,NaN,28.472,29.7431,7.0279,0.9992210128097118,4.232146160303931,wet,NaN,55,2018-11-04T06:55:00Z
2,3.827,ChrisCrk,Grab,Grab,NA,DOC,0,0.027,6.198,5.137,NaN,NaN,25.857999999999997,26.9426,6.1469,0.9993637704574427,4.38311994663977,wet,NaN,NA,2018-11-06T17:05:00Z
2,5.07,CraggCrk,Rack,L1,22,DOC,0,0.41,7.065,5.588,NaN,NaN,14.9096,15.409,3.5268,1.0010606110620182,4.369116479528184,wet,NaN,22,2018-10-28T12:10:00Z
2,6.541,CraggCrk,Rack,L2,35,DOC,0,0.696,9.076,7.292,NaN,NaN,16.9426,17.6466,4.2515,0.9993295812645016,4.150676231918147,wet,NaN,35,2018-10-28T20:00:00Z
2,8.087,CraggCrk,Rack,L3,45,DOC,0,0.625,10.915,9.02,NaN,NaN,21.7504,22.6996,5.181,0.9989479306083021,4.3813163481953294,wet,NaN,45,2018-10-29T06:00:00Z
2,8.219,CraggCrk,Rack,L4,50,DOC,0,0.657,11.478,9.407,NaN,NaN,26.160249999999998,27.2852,5.85,0.9993905319007352,4.664136752136752,wet,NaN,50,2018-11-02T06:00:00Z
2,8.152,CraggCrk,Rack,L5,75,DOC,0,0.53,12.117,9.871,NaN,NaN,27.50815,28.6928,6.199,0.9996083822241805,4.62861751895467,wet,NaN,75,2018-11-02T16:10:00Z
2,5.232,CraggCrk,Grab,Grab,NA,DOC,0,0.149,8.044,6.621,NaN,NaN,29.06075,30.2647,6.7757,0.9997551458759877,4.466652891952124,wet,NaN,NA,2018-11-06T16:30:00Z
2,9.483,WestLeech,Rack,L1,40,DOC,0.459,0.67,14.308,11.211,NaN,NaN,19.32405,20.0043,4.4641,NA,4.481149615824018,wet,NaN,40,2018-10-29T04:45:00Z
2,10.36,WestLeech,Rack,L2,45,DOC,0.123,0.826,15.399,12.238,NaN,NaN,34.24295,35.8168,8.6672,NA,4.132453387483848,wet,NaN,45,2018-10-29T06:55:00Z
2,7.526,WestLeech,Rack,L3,56,DOC,0,0.473,11.979,9.502,NaN,NaN,36.81315,38.5188,9.1561,0.9997276080362906,4.206900317820906,wet,NaN,56,2018-11-02T20:35:00Z
2,10.95,WestLeech,Rack,L4,69,DOC,0,0.511,13.344,10.507,NaN,NaN,28.6911,29.8814,7.0682,0.9999074950193682,4.227582694321043,wet,NaN,69,2018-11-02T06:35:00Z
2,8.726,WestLeech,Rack,L5,75,DOC,0.955,0.547,13.504,10.544,NaN,NaN,31.9345,33.3139,7.967,NA,4.1814861302874355,wet,NaN,75,2018-11-02T07:05:00Z
2,4.635,WestLeech,Grab,Grab,NA,DOC,0,0.114,8.005,6.598,NaN,NaN,32.35165,33.6866,8.397,0.9995681401604924,4.011742288912707,wet,NaN,NA,2018-11-07T17:00:00Z
2,3.605,Weeks-Lake,Grab,Grab,NA,DOC,NA,NA,NA,NA,NA,NA,NA,NA,NA,NA,NA,wet,NA,NA,NA
2,5.573,Leech-downstreamconf,Grab,Grab,NA,DOC,0,0.1935,8.789,7.1545000000000005,NaN,NaN,18.725675000000003,19.39465,4.5515,1.0002474331379558,4.261155662968252,wet,NaN,NA,NA
2,3.609,West-Jordan,Grab,Grab,NA,DOC,0,0.006,6.411,5.033,NaN,NaN,21.1019,21.8762,4.9635,1.0002851936961676,4.40741412309862,wet,NaN,NA,NA
2,10.66,Jarvis,Grab,Grab,NA,DOC,0,0.62,17.378,13.993,NaN,NaN,15.41345,15.9351,4.0424,1.0005514128375304,3.9419899069859494,wet,NaN,NA,NA
2,15.12,W.trib-to-Weeks,Grab,Grab,NA,DOC,0,NaN,NaN,NaN,NaN,NaN,41.44135,43.2584,10.0019,1.000139157659662,4.325018246533159,wet,NaN,NA,NA
2,5.343,Boneyard,Grab,Grab,NA,DOC,0,0.234,9.693,7.859,NaN,NaN,56.6896,60.2226,14.12,1.0000244123821707,4.265056657223797,wet,NaN,NA,NA
2,8.357,Weeks-Gate,Grab,Grab,NA,DOC,0,0.538,13.802,11.227,NaN,NaN,23.27735,24.1328,5.4973,1.000339453528296,4.389936878103796,wet,NaN,NA,NA
2,6.225,Weeks-Lk-SE,Grab,Grab,NA,DOC,0,0.346,9.889,7.81,NaN,NaN,33.089600000000004,34.4457,7.8234,1.0001766434775758,4.40290666462152,wet,NaN,NA,NA
2,5.325,Leech-downstreamconf,Grab,Grab,NA,DOC,0,0.1935,8.789,7.1545000000000005,NaN,NaN,18.725675000000003,19.39465,4.5515,1.0002474331379558,4.261155662968252,wet,NaN,NA,NA
2,7.588,Lab,QA-QC,CAL-VER_5.7ppm,NA,DOC,NA,NA,NA,NA,NA,NA,NA,NA,NA,NA,NA,wet,NA,NA,NA
2,14.41,Lab,QA-QC,CAL-VER_11.4ppm,NA,DOC,NA,NA,NA,NA,NA,NA,NA,NA,NA,NA,NA,wet,NA,NA,NA
2,0.3997,Lab,QA-QC,RO_pH<2,NA,DOC,NA,NA,NA,NA,NA,NA,NA,NA,NA,NA,NA,wet,NA,NA,NA
2,0.5614,Lab,QA-QC,RO,NA,DOC,NA,NA,NA,NA,NA,NA,NA,NA,NA,NA,NA,wet,NA,NA,NA
20,4.261,Tunnel,QA-QC,HoldTime-C6,NA,DOC,0,0.008,5.574,4.539,11.07,0.225,13.3872,13.8706,3.311,1.0002957248148174,4.1892479613409845,wet,2.5979816944379253,NA,2019-11-12T08:00:00Z
20,1.927,Tunnel,QA-QC,HoldTime-C7,NA,DOC,0,0,3.946,3.187,7.773,0.196,9.477599999999999,9.8026,2.6032,1.001134041079676,3.76559618930547,wet,4.033731188375714,NA,2019-11-12T08:00:00Z
20,1.786,Tunnel,QA-QC,HoldTime-C8,NA,DOC,0,0,3.686,2.987,7.285,0.198,8.8601,9.1462,2.4818,1.0009915877269646,3.68530904988315,wet,4.078947368421052,NA,2019-11-12T08:00:00Z
20,3.13,Tunnel,QA-QC,HoldTime-C9,NA,DOC,0,0,5.761,4.676,11.404,0.264,13.8419,14.3447,3.5813,1.0003911566185573,4.005444950157764,wet,3.643450479233227,NA,2019-11-12T08:00:00Z
20,1.698,Tunnel,QA-QC,HoldTime-C10,NA,DOC,0,0,3.536,2.872,7.005,0.188,8.500250000000001,8.7969,2.2909,1.0015068641090252,3.8399319044916846,wet,4.125441696113074,NA,2019-11-12T08:00:00Z
20,5.329,Tunnel,Grab,Grab,NA,DOC,0,0.271,9.38,7.797,19.016,0.339,22.513550000000002,23.3864,5.2439,0.5328232827594279,4.459734167318217,wet,3.5683993244511165,NA,2019-12-13T18:25:00Z
20,5.118,Tunnel,Grab,Grab,NA,DOC,0,0.243,9.065,7.551,18.416,0.321,21.762349999999998,22.5848,5.0038,0.5328232827594279,4.513529717414765,wet,3.598280578350918,NA,2019-12-13T22:45:00Z
20,3.996,Tunnel,Grab,Grab,36,DOC,0,0.103,7.059,5.911,14.418,0.275,16.94755,17.5762,3.9353,0.5328232827594279,4.466292277590019,wet,3.608108108108108,NA,2019-12-16T19:00:00Z
20,3.752,Tunnel,Rack,L1,33,DOC,0,0.106,7.266,5.962,14.542,0.294,17.43965,18.0876,4.2726,1.0000533519689876,4.233394186209802,wet,3.875799573560768,33,2019-11-25T03:37:00Z
20,5.286,Tunnel,Rack,L2,53,DOC,0,0.409,10.085,8.36,20.39,0.388,24.1933,25.1607,5.6597,0.9997269368062255,4.445588988815661,wet,3.8573590616723425,53,2019-12-12T17:07:00Z
20,5.648,Tunnel,Rack,L3,69,DOC,0,0.41,10.608,8.713,21.251,0.37,25.426650000000002,26.4976,5.9859,0.9994010512045891,4.426669339614761,wet,3.7625708215297453,69,2019-12-12T23:17:00Z
20,3.668,Tunnel,Grab,Grab,34,DOC,0,0.079,6.656,5.615,13.696,0.271,16.006050000000002,16.5429,3.6973,0.5328232827594279,4.474319097719958,wet,3.73391494002181,NA,2019-12-18T18:30:00Z
20,3.722,CraggCrk,Grab,Grab,43,DOC,0,0.046,6.425,5.571,13.589,0.26,15.45145,15.9715,3.3441,0.9813926714220456,4.776023444274992,wet,3.6509940891993553,NA,2019-12-16T20:00:00Z
20,4.297,CraggCrk,Rack,L1,43,DOC,0,0.14,7.492,6.398,15.606,0.291,17.992849999999997,18.6459,3.9705,1.0004082875658362,4.6961088024178315,wet,3.631836164766116,43,2019-12-12T10:03:00Z
20,5.346,CraggCrk,Rack,L2,59,DOC,0,0.369,9.676,8.148,19.873,0.362,23.21725,24.13,5.2979,0.9993631108267423,4.554634855320032,wet,3.7173587729143285,59,2019-12-12T20:53:00Z
20,6.365,CraggCrk,Rack,L3,75,DOC,0,0.42,10.587,8.791,21.442,0.368,25.3624,26.4338,5.9015,0.999465087226356,4.479166313649072,wet,3.368735271013354,NA,NA
20,2.615,ChrisCrk,Grab,Grab,26,DOC,0,0,4.447,3.781,9.223,0.174,10.687100000000001,11.0652,2.4133,0.9835508126216549,4.585090954294949,wet,3.526959847036329,NA,2019-12-17T19:45:00Z
20,3.7,CraggCrk,Grab,Grab,NA,DOC,0,0.008,6.173,5.362,13.078,0.255,14.84755,15.3205,3.2829,0.9813926714220456,4.666758049285692,wet,3.5345945945945942,NA,2019-12-17T22:00:00Z
21,4.464,CraggCrk,Grab,Grab,63,DOC,0,0.158,7.91,6.786,16.552,0.321,18.9878,19.6733,4.2635,1.0005994537535627,4.614354403658966,wet,3.7078853046594977,NA,2019-12-19T20:00:00Z
21,3.763,CraggCrk,Rack,L1,45,DOC,0,0.066,6.469,5.517,13.457,0.247,15.5412,16.0948,3.4413,1.0007057896352258,4.676953476883735,wet,3.576136061652937,45,2019-12-19T01:33:00Z
21,4.395,CraggCrk,Rack,L2,63,DOC,0,0.205,8.443,7.033,17.153,0.308,20.26445,21.0392,4.6887,0.999829516747589,4.487213939898053,wet,3.902844141069397,63,2019-12-20T01:53:00Z
20,2.573,ChrisCrk,Grab,Grab,27,DOC,0,0,4.528,3.888,9.482,0.191,10.8732,11.2594,2.4821,0.9835508126216549,4.5362394746384105,wet,3.6851923824329575,NA,2019-12-16T21:35:00Z
20,4.785,ChrisCrk,Rack,L1,26,DOC,0,0.31,8.761,7.266,17.721,0.316,21.0191,21.8743,4.8012,0.9984534797871341,4.556006831625427,wet,3.703448275862069,26,2019-12-12T06:15:00Z
20,4.565,ChrisCrk,Rack,L2,36,DOC,0,0.187,8.031,6.76,16.489,0.305,19.292650000000002,20.0381,4.4289,0.9996632635016822,4.524396577028156,wet,3.612048192771084,36,2019-12-12T18:55:00Z
20,6.056,LeechHead,Grab,Grab,124,DOC,0,0.388,11.668,9.477,23.114,0.406,27.950200000000002,29.0852,6.699,0.9742130853329378,4.341722645170921,wet,3.8167107001321003,NA,2019-12-16T21:00:00Z
20,6.67,LeechHead,Rack,L1,122,DOC,0,0.584,12.747,10.458,25.508,0.435,30.58685,31.8439,7.1912,0.9994659193041076,4.4281761041272665,wet,3.824287856071964,122,2019-12-12T10:20:00Z
20,7.693,LeechHead,Rack,L2,139,DOC,0,0.58,12.561,10.306,25.138,0.427,30.1018,31.3794,6.972,0.9996759718301702,4.500774526678141,wet,3.267645911867932,139,2019-12-13T03:20:00Z
20,5.715,LeechHead,Grab,Grab,NA,DOC,0,0.395,11.212,9.119,22.242,0.368,26.87235,27.9537,6.368,0.9742130853329378,4.3897141959798995,wet,3.8918635170603677,NA,2019-12-17T20:00:00Z
20,7.704,Weeks,Grab,Grab,79,DOC,0,0.504,15.284,12.322,30.053,0.503,36.59305,38.1782,8.801,0.9945847935424494,4.337938870582888,wet,3.900960539979232,NA,2019-12-16T21:20:00Z
20,9.025,Weeks,Rack,L2,79,DOC,0.002,0.722,18.191,14.524,35.425,0.583,43.3689,45.4811,10.5865,NA,4.296141312048364,wet,3.9252077562326866,79,2019-12-13T04:23:00Z
20,8.482,Weeks,Rack,L3,97,DOC,0.045,0.843,17.202,13.818,33.702,0.562,41.1599,43.0521,10.0497,NA,4.283918922952925,wet,3.973355340721528,NA,NA
20,7.415,Weeks,Grab,Grab,NA,DOC,0,0.468,15.031,12.146,29.624,0.498,36.02045,37.5023,8.6346,0.9945847935424494,4.343258518055266,wet,3.9951449763991906,NA,2019-12-17T18:00:00Z
20,3.079,WestLeech,Grab,Grab,32,DOC,0,0.02,5.857,4.984,12.157,0.242,14.06885,14.564,3.1932,1.0010754462362952,4.560942001753727,wet,3.9483598570964595,NA,2019-12-16T17:45:00Z
20,3.744,WestLeech,Rack,L1,34,DOC,0,0.092,7.274,5.957,14.53,0.295,17.4897,18.0762,4.4078,1.0001942235486498,4.100957393711148,wet,3.880876068376068,34,2019-11-24T04:27:00Z
20,4.825,WestLeech,Rack,L2,50,DOC,0,0.257,9.17,7.428,18.118,0.352,21.999200000000002,22.8747,5.5465,0.9995919126193162,4.124168394483007,wet,3.7550259067357508,50,2019-11-24T07:27:00Z
20,4.094,Deception-crk,Grab,Grab,NA,DOC,0,0.268,6.991,6.024,14.694,0.273,16.7948,17.4338,3.6907,1.0000497008594675,4.72371094914244,wet,3.589154860771861,NA,2019-12-13T17:00:00Z
20,2.555,Rithet,Grab,Grab,NA,DOC,0,0,4.306,3.749,9.143,0.191,10.3616,10.7103,2.3286,1.0020600391530083,4.599458902344757,wet,3.5784735812133075,NA,2019-12-17T08:00:00Z
20,4.454,Lazar,Grab,Grab,NA,DOC,0,0.134,7.844,6.703,16.348,0.305,18.845100000000002,19.5161,4.152,1.000640960290637,4.700409441233141,wet,3.6704086214638525,NA,2019-12-17T08:00:00Z
20,6.846,Jarvis,Grab,Grab,NA,DOC,0,0.414,13.73,11.273,27.496,0.487,32.848,34.242,7.8086,1.000280858992515,4.385165074405142,wet,4.016359918200409,NA,2019-12-17T08:00:00Z
20,4.421,Judge-crk,Grab,Grab,NA,DOC,0,0.151,7.826,6.655,16.233,0.307,18.81475,19.4738,4.2058,1.0003608122422214,4.630224927481097,wet,3.6717937118299027,NA,2019-12-17T08:00:00Z
22,0.9316,Lab,QA-QC,RO,NA,DOC,0,0,1.13225,1.097,2.6755,0.10625,2.7305,2.7843,0.729525,1.0603606468963072,3.8165929885884653,wet,2.8719407471017604,NA,NA
22,6.388,Judge-crk,Grab,Grab,NA,DOC,0,0.127,7.225,6.105,14.889,0.281,17.35975,18.0098,3.9781,0.9999018472779683,4.527236620497222,wet,2.3307764558547275,NA,NA
22,6.29,Rithet,Grab,Grab,NA,DOC,0,0.178,7.141,5.996,14.623,0.26,17.16205,17.8464,3.9159,0.9996859598754971,4.557419750248984,wet,2.324801271860095,NA,NA
22,6.372,Jarvis,Grab,Grab,NA,DOC,0,0.257,9.904,8.129,19.826,0.352,23.75475,24.6409,5.6353,1.000297267413663,4.3725977321526805,wet,3.1114249843063404,NA,NA
22,5.261,CraggCrk,Grab,Grab,NA,DOC,0,0.193,7.954,6.687,16.311,0.276,19.115000000000002,19.8127,4.2717,1.0003765685019825,4.638130018493808,wet,3.100361148070709,NA,NA
22,4.887,Tunnel,Grab,R1,NA,DOC,0,0.134,7.752,6.255,15.255,0.263,18.6167,19.2967,4.635,1.0000278231820399,4.163257820927725,wet,3.121546961325967,NA,NA
22,5.243,Tunnel,Grab,R2,NA,DOC,0.028,0.145,7.708,6.244,15.229,0.27,18.5179,19.1846,4.6436,NA,4.131406667240934,wet,2.9046347510967,NA,NA
22,0.9323,Lab,QA-QC,RO,NA,DOC,0,0,1.13225,1.097,2.6755,0.10625,2.7305,2.7843,0.729525,1.0603606468963072,3.8165929885884653,wet,2.8697844041617504,NA,NA
22,5.33204,Lab,QA-QC,CalVer-1_5.55ppm,NA,DOC,0,1.274,5.433,5.34,13.024,0.109,12.9857,17.9896,0.7114,0.8930677891319528,25.28760191172336,wet,2.442592328639695,NA,NA
22,0.9922,Lab,QA-QC,RO,NA,DOC,0,0,1.13225,1.097,2.6755,0.10625,2.7305,2.7843,0.729525,1.0603606468963072,3.8165929885884653,wet,2.696532957065108,NA,NA
22,6.536,Lab,QA-QC,CalVer-2_5.77ppm,NA,DOC,0,1.267,5.576,5.466,13.331,0.099,13.32975,18.4872,0.7243,0.8842585631898688,25.524230291315753,wet,2.0396266829865364,NA,NA
22,0.9408,Lab,QA-QC,RO,NA,DOC,0,0,1.13225,1.097,2.6755,0.10625,2.7305,2.7843,0.729525,1.0603606468963072,3.8165929885884653,wet,2.843856292517007,NA,NA
23,5.642,LeechHead,Grab,Grab,NA,DOC,0.285,0.17,8.48,6.759,16.484,0.274,20.3537,21.1247,5.1585,NA,4.095124551710769,wet,2.921658986175115,NA,2020-02-20T18:00:00Z
23,5.655,LeechHead,Rack,L1,129,DOC,0,0.189,8.427,6.769,16.51,0.28,20.23135,21.0138,4.9935,1.000115330834902,4.208230699909882,wet,2.9195402298850577,129,2020-01-10T09:10:00Z
23,5.666,LeechHead,Rack,L2,137,DOC,0,0.125,7.696,6.315,15.403,0.264,18.49605,19.1966,4.4355,1.0002778843585394,4.327944989290948,wet,2.7184962936816097,137,2020-01-09T14:40:00Z
23,5.261,LeechHead,Rack,L3,155,DOC,0,0.101,7.401,6.081,14.832,0.271,17.795299999999997,18.4539,4.3611,1.0003784340071322,4.231478296759992,wet,2.8192358867135527,155,2020-01-08T12:00:00Z
23,4.661,LeechHead,Rack,L4,165,DOC,67.576,0,14.982,5.685,13.865,0.284,35.82695,36.4534,22.7021,NA,1.6057281044484872,wet,2.9746835443037978,165,2020-01-23T14:30:00Z
23,4.288,LeechHead,Rack,L6,195,DOC,0,0.019,5.681,4.794,11.692,0.235,13.67015,14.1838,3.2181,1.0009346223588054,4.407507535502314,wet,2.7266791044776117,195,2020-02-01T05:00:00Z
23,6.952,Weeks,Grab,Grab,NA,DOC,1.003,0.354,11.817,9.358,22.825,0.384,28.3703,29.4169,7.1997,0.99993865754311,4.0858507993388615,wet,3.2832278481012658,NA,2020-02-20T08:00:00Z
23,4.222,Weeks,Rack,L1,89,DOC,0.662,0.088,6.747,5.389,13.145,0.221,16.19645,16.8198,4.1833,NA,4.020701360170201,wet,3.113453339649455,89,2020-01-09T08:13:00Z
23,4.255,Weeks,Rack,L2,98,DOC,0,0.051,6.545,5.379,13.119,0.234,15.753499999999999,16.3048,3.9203,1.000352101397527,4.159069458969976,wet,3.083196239717979,98,2020-01-23T21:33:00Z
23,3.782,Weeks,Rack,L3,115,DOC,0,0.04,6.339,5.121,12.489,0.224,15.24385,15.7998,3.8423,0.9999329064342735,4.112068292429014,wet,3.302221047065045,NA,NA
23,4.945,Weeks,Rack,L4,127,DOC,0,0.159,7.683,6.379,15.558,0.26,18.46835,19.2084,4.2876,1.00001719411029,4.479988804925832,wet,3.1462082912032354,NA,NA
23,6.869,Weeks,Grab,Grab,NA,DOC,0,0.331,10.526,8.69,21.194,0.372,25.252450000000003,26.2712,5.8945,0.99993865754311,4.456900500466537,wet,3.0854563983112535,NA,2020-01-09T19:35:00Z
23,3.4,Tunnel,Grab,Grab,NA,DOC,0,0,5.044,4.255,10.378,0.216,12.1326,12.5368,2.9623,0.820107238315287,4.232116936164466,wet,3.0523529411764705,NA,2020-02-18T19:00:00Z
23,3.447,Tunnel,Grab,Grab,NA,DOC,0,0,4.951,4.048,9.873,0.206,11.899149999999999,12.2965,3.023,0.820107238315287,4.067648031756533,wet,2.8642297650130546,NA,2020-02-19T19:00:00Z
23,5.909,Tunnel,Rack,L1,41,DOC,0,0.05,6.961,5.577,13.603,0.264,16.7237,17.3409,4.4235,1.0001440977526912,3.920176330959648,wet,2.3020815704857,41,2020-01-10T14:07:00Z
23,4.937,Tunnel,Rack,L2,57,DOC,0,0.076,7.239,5.662,13.809,0.269,17.3925,18.0367,4.6447,0.9999899573254638,3.8832863263504636,wet,2.797042738505165,57,2020-01-09T11:37:00Z
23,5.037,Tunnel,Rack,L3,70,DOC,0,0.075,7.039,5.57,13.584,0.26,16.9156,17.5586,4.3618,1.000025204817557,4.025539914714109,wet,2.6968433591423464,70,2020-01-08T22:47:00Z
23,5.352,Tunnel,Rack,L4,87,DOC,2.562,0.1,7.529,5.688,13.874,0.252,18.08565,18.7597,5.21,NA,3.6007101727447215,wet,2.5923019431988044,87,2020-01-08T13:37:00Z
23,5.101,Tunnel,Rack,L5,103,DOC,6.136,0.076,7.926,5.655,13.793,0.25,19.023200000000003,19.6867,6.2096,NA,3.170365240917289,wet,2.7039796118408153,103,2020-01-24T11:17:00Z
23,5.209,Tunnel,Rack,L6,117,DOC,0,0.098,7.455,5.858,14.289,0.274,17.90945,18.5847,4.7365,1.0000096391863054,3.923720046447799,wet,2.7431368784795547,117,2020-01-23T13:17:00Z
23,3.715,Tunnel,Grab,Grab,NA,DOC,0,0,5.649,4.615,11.257,0.206,13.568100000000001,14.0514,3.4049,0.820107238315287,4.126817233986314,wet,3.030148048452221,NA,2020-01-30T20:30:00Z
23,2.901,WestLeech,Grab,Grab,NA,DOC,0,0,4.352,3.616,8.82,0.175,10.456499999999998,10.8151,2.6041,0.6809652024835203,4.153104719480819,wet,3.040330920372286,NA,2020-02-19T18:00:00Z
23,4.448,WestLeech,Rack,L1,37,DOC,0,0.068,6.869,5.642,13.76,0.26,16.4919,17.0923,4.1188,1.0004331207372386,4.149825191803438,wet,3.093525179856115,37,2020-01-10T06:57:00Z
23,5.55,WestLeech,Rack,L2,51,DOC,0.959,0.114,8.274,6.633,16.177,0.298,19.84825,20.584,5.2626,NA,3.911374605708205,wet,2.914774774774775,51,2020-01-08T22:37:00Z
23,3.366,WestLeech,Rack,L3,67,DOC,0,0.018,5.603,4.615,11.256,0.208,13.4654,13.9302,3.3302,1.0003130683273849,4.182992012491742,wet,3.3440285204991085,67,2020-01-08T09:27:00Z
23,3.737,WestLeech,Rack,L4,83,DOC,0.703,0,6.116,4.9,11.952,0.247,14.7122,15.1975,4.1225,NA,3.686476652516677,wet,3.1982873963071983,83,2020-01-23T13:27:00Z
23,4.936,WestLeech,Rack,L5,101,DOC,1.731,0.104,7.811,5.988,14.604,0.263,18.777250000000002,19.4588,5.277,NA,3.68747394352852,wet,2.9586709886547813,101,2020-01-23T15:57:00Z
23,4.339,WestLeech,Rack,L6,119,DOC,0.532,0.033,6.646,5.305,12.938,0.235,15.9701,16.5311,4.2142,NA,3.922713682312182,wet,2.981793039870938,NA,NA
23,4.175,WestLeech,Rack,L7,136,DOC,13.199,0,8.357,5.451,13.296,0.255,20.037100000000002,20.6187,7.8618,NA,2.62264366938869,wet,3.1846706586826348,NA,NA
23,3.063,WestLeech,Grab,Grab,NA,DOC,0,0,4.978,4.2,10.245,0.205,11.98765,12.365,2.9329,0.6809652024835203,4.2159637219134645,wet,3.344760039177277,NA,2020-01-30T17:30:00Z
23,3.353,WestLeech,Grab,Grab,NA,DOC,0,0,5.598,4.621,11.271,0.226,13.463799999999999,13.9136,3.4178,0.6809652024835203,4.070922815846451,wet,3.3614673426781985,NA,2020-01-08T20:45:00Z
23,3.034,WestLeech,Grab,Grab,NA,DOC,0,0,5.063,4.207,10.262,0.214,12.1692,12.5611,3.0829,0.6809652024835203,4.07444289467709,wet,3.3823335530652607,NA,2020-02-08T08:00:00Z
23,3.267,Leech-downstreamconf,Grab,Grab,NA,DOC,NA,NA,NA,NA,NA,NA,NA,NA,NA,NA,NA,wet,NA,NA,2020-02-08T19:10:00Z
23,2.492,ChrisCrk,Grab,Grab,NA,DOC,0,0,3.602,3.032,7.395,0.143,8.65635,8.9577,2.0553,0.6837714116149909,4.3583418479054155,wet,2.9674959871589084,NA,2020-02-20T21:00:00Z
23,4.868,ChrisCrk,Rack,L1,37,DOC,0,0.117,7.079,5.934,14.472,0.264,16.99655,17.6719,3.994,0.999571409408149,4.424611917876815,wet,2.972884141331142,37,2020-01-08T22:35:00Z
23,4.802,ChrisCrk,Rack,L2,48,DOC,0,0.073,6.636,5.579,13.607,0.242,15.94655,16.5657,3.6607,0.999565230886855,4.52528204988117,wet,2.8336109954185758,48,2020-01-08T10:25:00Z
23,1.937,ChrisCrk,Rack,L3,66,DOC,0,0,3.429,2.807,6.847,0.158,8.2526,8.5137,2.2609,1.001278980542765,3.765624308903534,wet,3.5348477026329377,66,2020-01-23T15:05:00Z
23,4.457,ChrisCrk,Rack,L4,81,DOC,0,0,5.581,4.649,11.338,0.202,13.415099999999999,13.9211,3.2414,1.0001659371293947,4.294780033318936,wet,2.543863585371326,81,2020-02-01T00:45:00Z
23,3.665,ChrisCrk,Rack,L5,97,DOC,0,0,5.096,4.204,10.254,0.194,12.263349999999999,12.7039,3.0238,1.0009342569875208,4.201302996229909,wet,2.7978171896316506,NA,NA
23,4.822,ChrisCrk,Rack,L6,115,DOC,0,0.075,6.132,5.138,12.53,0.213,14.74495,15.3251,3.2912,1.0001061649732317,4.6563867282450175,wet,2.598506843633347,NA,NA
23,3.077,ChrisCrk,Grab,Grab,NA,DOC,0,0,4.229,3.736,9.112,0.197,10.18555,10.4822,2.2846,0.6837714116149909,4.5881992471329776,wet,2.9613259668508287,NA,2020-01-09T19:20:00Z
23,3.552,CraggCrk,Grab,Grab,NA,DOC,0,0,5.239,4.538,11.069,0.224,12.5925,12.9973,2.8242,0.6204029260897119,4.602117413780894,wet,3.1162725225225225,NA,2020-02-06T23:30:00Z
23,3.176,CraggCrk,Grab,Grab,NA,DOC,0,0,4.465,3.86,9.414,0.182,10.723199999999999,11.0736,2.3465,0.6204029260897119,4.719198806733433,wet,2.9641057934508814,NA,2020-02-19T22:00:00Z
23,5.624,CraggCrk,Rack,L1,75,DOC,0,0.115,7.424,6.221,15.173,0.273,17.832,18.4804,4.0435,1.0001475637976154,4.570396933349821,wet,2.6979018492176388,75,2020-01-08T15:53:00Z
23,5.8,CraggCrk,Rack,L2,91,DOC,0,0.114,7.368,6.208,15.142,0.254,17.6929,18.4126,3.8779,1.0001206447034752,4.748085303901597,wet,2.610689655172414,91,2020-01-08T08:33:00Z
23,4.752,CraggCrk,Rack,L3,124,DOC,0,0.046,6.599,5.683,13.862,0.263,15.88035,16.4188,3.5102,1.0008315935851229,4.677454276109623,wet,2.9170875420875424,124,2020-01-23T15:53:00Z
23,5.043,CraggCrk,FL_Rack,FL1,106,DOC,0,0.1,7.344,6.211,15.149,0.264,17.65235,18.2659,3.9342,1.0005616913948148,4.642849880534797,wet,3.0039658933174693,NA,NA
23,4.876,CraggCrk,FL_Rack,FL2,83,DOC,0,0.104,6.789,5.799,14.143,0.251,16.31625,16.9105,3.6418,1.0011569106420473,4.6434455489043875,wet,2.9005332239540604,NA,NA
23,4.285,CraggCrk,Grab,Grab,NA,DOC,0,0.001,6.171,5.347,13.04,0.244,14.83795,15.3251,3.2375,0.6204029260897119,4.733621621621622,wet,3.043173862310385,NA,2020-01-09T17:58:00Z
23,3.787,CraggCrk,Grab,Grab,NA,DOC,0,0,5.715,4.978,12.141,0.245,13.74315,14.185,3.0251,0.6204029260897119,4.689101186737629,wet,3.20596778452601,NA,2020-01-10T20:03:00Z
23,3.555,CraggCrk,Grab,Grab,NA,DOC,0,0,5.45,4.637,11.309,0.2,13.11015,13.519,2.9299,0.6204029260897119,4.614150653605925,wet,3.181153305203938,NA,2020-01-30T21:30:00Z
23,3.275,CraggCrk,Grab,Grab,NA,DOC,0,0,4.605,4.062,9.907,0.212,11.0775,11.4106,2.4533,0.6204029260897119,4.6511229772143645,wet,3.0250381679389315,NA,2020-02-18T20:20:00Z
23,4.009,Jordan-trib,Grab,Grab,NA,DOC,0,0.191,5.63,4.892,11.931,0.207,13.536950000000001,14.0531,2.8307,1.0012437355961539,4.964531741265411,wet,2.9760538787727606,NA,2020-01-09T22:09:00Z
23,5.088,Judge-crk,Grab,Grab,NA,DOC,0,0.04,5.92,5.042,12.298,0.221,14.2186,14.7295,3.1805,1.0007828979038351,4.631190064455274,wet,2.417059748427673,NA,2020-02-19T23:00:00Z
23,3.384,Rithet-crk,Grab,Grab,NA,DOC,0,0,3.188,2.808,6.85,0.159,7.67755,7.9038,1.8192,0.9464315468820551,4.344656992084433,wet,2.0242316784869976,NA,2020-02-20T00:00:00Z
23,5.032,Judge-crk,Grab,Grab,NA,DOC,0,0.053,6.019,5.061,12.345,0.227,14.45245,14.9932,3.2777,1.0007828979038351,4.574305153003631,wet,2.4532988871224166,NA,2020-02-18T22:00:00Z
23,3.477,Rithet-crk,Grab,Grab,NA,DOC,0,0,3.347,2.925,7.135,0.169,8.0653,8.2988,1.9617,0.9464315468820551,4.23041239741041,wet,2.0520563704342822,NA,2020-02-20T08:00:00Z
23,4.506,Deception-res,Grab,Grab,NA,DOC,0,0.115,6.156,5.196,12.673,0.221,14.78705,15.3208,3.2748,1.000749631477901,4.678392573592281,wet,2.812472259209942,NA,2020-02-18T17:00:00Z
3,11.42,Jarvis,Grab,Grab,NA,DOC,0,0.607,15.914,12.917,NaN,NaN,38.01325,39.6567,9.2598,1.0000525685560846,4.282673491868075,wet,NaN,NA,2019-11-23T16:25:00Z
3,7.605,ChrisCrk,Rack,L1,22,DOC,0,0.455,10.349,8.244,NaN,NaN,24.82145,25.9184,6.2589,0.9991977011497454,4.141047148860023,wet,NaN,22,2018-11-12T02:00:00Z
3,4.338,ChrisCrk,Grab,Grab,NA,DOC,0,0.205,7.425,6.044,NaN,NaN,17.84105,18.4992,4.4175,0.9997776428493218,4.1877079796264844,wet,NaN,NA,2019-11-23T16:55:00Z
3,10.49,Weeks,Grab,Grab,NA,DOC,0.42,0.965,17.871,14.057,NaN,NaN,42.6319,44.7732,10.7305,NA,4.172517590047063,wet,NaN,NA,2019-11-23T17:15:00Z
3,7.675,LeechHead,Grab,Grab,NA,DOC,0,0.577,13.674,11.014,NaN,NaN,32.7488,34.1711,7.8799,0.9998803752993213,4.336489041739108,wet,NaN,NA,2019-11-23T18:00:00Z
3,5.267,CraggCrk,Rack,L1,45,DOC,0,0.3,9.253,7.389,NaN,NaN,22.21335,23.0728,5.647,0.9994260037365678,4.085850894280148,wet,NaN,45,2018-11-14T16:55:00Z
3,5.177,CraggCrk,Grab,Grab,NA,DOC,0,0.261,8.648,7.071,NaN,NaN,20.72645,21.5326,4.884,1.0000674071651272,4.408804258804258,wet,NaN,NA,2019-11-23T19:15:00Z
3,6.224,WestLeech,Rack,L1,40,DOC,0,0.25,8.912,7.045,NaN,NaN,21.3919,22.1683,5.5495,0.9996732867353709,3.994648166501486,wet,NaN,40,2018-11-14T14:20:00Z
3,6.74,WestLeech,Rack,L2,48,DOC,0,0.424,11.27,8.923,NaN,NaN,27.012050000000002,28.0945,6.8973,0.999737518280047,4.073260551230192,wet,NaN,48,2018-11-14T16:00:00Z
3,6.124,WestLeech,Grab,Grab,NA,DOC,0,0.388,11.026,8.913,NaN,NaN,26.44025,27.4877,6.4665,0.9999021752453482,4.250784814041599,wet,NaN,NA,2019-11-23T20:15:00Z
3,5.362,Boneyard,Grab,Grab,NA,DOC,0,0.28,9.588,7.731,NaN,NaN,22.988799999999998,23.902,5.654,0.9999248381745575,4.227449593208348,wet,NaN,NA,2019-11-23T21:20:00Z
3,5.653,Tunnel,Grab,Grab,NA,DOC,0,0.311,9.729,7.87,NaN,NaN,23.34055,24.2436,5.697,0.9997208331901598,4.2555028962611905,wet,NaN,NA,2019-11-23T21:45:00Z
3,6.877,Lab,QA-QC,CAL-VER_5.7ppm,NA,QA-QC,NA,NA,NA,NA,NA,NA,NA,NA,NA,NA,NA,wet,NA,NA,NA
3,9.604,Jarvis,Grab,Grab,NA,NA,0,0.607,15.914,12.917,NaN,NaN,38.01325,39.6567,9.2598,1.0000525685560846,4.282673491868075,wet,NaN,NA,2019-11-23T16:25:00Z
3,8.781,ChrisCrk,Rack,L1,22,NA,0,0.455,10.349,8.244,NaN,NaN,24.82145,25.9184,6.2589,0.9991977011497454,4.141047148860023,wet,NaN,NA,NA
3,4.16,ChrisCrk,Grab,Grab,NA,NA,0,0.205,7.425,6.044,NaN,NaN,17.84105,18.4992,4.4175,0.9997776428493218,4.1877079796264844,wet,NaN,NA,2019-11-23T16:55:00Z
3,10.7,Weeks,Grab,Grab,NA,NA,0.42,0.965,17.871,14.057,NaN,NaN,42.6319,44.7732,10.7305,NA,4.172517590047063,wet,NaN,NA,2019-11-23T17:15:00Z
3,7.612,LeechHead,Grab,Grab,NA,NA,0,0.577,13.674,11.014,NaN,NaN,32.7488,34.1711,7.8799,0.9998803752993213,4.336489041739108,wet,NaN,NA,2019-11-23T18:00:00Z
3,6.273,CraggCrk,Rack,L1,45,NA,0,0.3,9.253,7.389,NaN,NaN,22.21335,23.0728,5.647,0.9994260037365678,4.085850894280148,wet,NaN,NA,NA
3,5.072,CraggCrk,Grab,Grab,NA,NA,0,0.261,8.648,7.071,NaN,NaN,20.72645,21.5326,4.884,1.0000674071651272,4.408804258804258,wet,NaN,NA,2019-11-23T19:15:00Z
3,5.925,WestLeech,Rack,L1,40,NA,0,0.25,8.912,7.045,NaN,NaN,21.3919,22.1683,5.5495,0.9996732867353709,3.994648166501486,wet,NaN,NA,NA
3,6.894,WestLeech,Rack,L2,48,NA,0,0.424,11.27,8.923,NaN,NaN,27.012050000000002,28.0945,6.8973,0.999737518280047,4.073260551230192,wet,NaN,NA,NA
3,6.218,WestLeech,Grab,Grab,NA,NA,0,0.388,11.026,8.913,NaN,NaN,26.44025,27.4877,6.4665,0.9999021752453482,4.250784814041599,wet,NaN,NA,2019-11-23T20:15:00Z
3,5.281,Boneyard,Grab,Grab,NA,NA,0,0.28,9.588,7.731,NaN,NaN,22.988799999999998,23.902,5.654,0.9999248381745575,4.227449593208348,wet,NaN,NA,2019-11-23T21:20:00Z
3,5.441,Tunnel,Grab,Grab,NA,NA,0,0.311,9.729,7.87,NaN,NaN,23.34055,24.2436,5.697,0.9997208331901598,4.2555028962611905,wet,NaN,NA,2019-11-23T21:45:00Z
4,6.487,Weeks,Rack,L1,65,NA,0,0.697,17.656,14.038,NaN,NaN,42.0874,44.2193,10.3091,1.0001090015157015,4.289346305691088,wet,NaN,NA,NA
4,5.799,Weeks,Rack,L2,72,NA,0,0.542,16.402,13.115,NaN,NaN,39.243449999999996,40.9319,9.5804,1.0000935697833309,4.2724625276606405,wet,NaN,NA,NA
4,5.967,Weeks,Rack,L3,79,NA,0.394,0.592,15.475,12.099,NaN,NaN,37.004949999999994,38.7134,9.3987,NA,4.119016459723153,wet,NaN,NA,NA
4,3.815,Weeks,Rack,L4,86,NA,0,0.375,10.855,8.287,NaN,NaN,26.008,27.0233,7.009,0.9997160715806371,3.855514338707376,wet,NaN,NA,NA
4,4.958,Weeks,Rack,L5,90,NA,0,0.463,12.184,9.39,NaN,NaN,29.18695,30.3458,7.767,0.9998709862758574,3.907016866228917,wet,NaN,NA,NA
4,7.753,Weeks,Rack,L6,95,NA,0,0.734,15.811,12.485,NaN,NaN,37.8477,39.5353,9.3412,0.9998643480962449,4.232357727058622,wet,NaN,NA,NA
4,6.055,Weeks,Rack,L7,105,NA,0,0.643,15.681,12.377,NaN,NaN,37.66765,39.1658,9.3913,0.9995948191185668,4.170434338164045,wet,NaN,NA,NA
4,3.334,Weeks,Grab,Grab,50,NA,1.94,0.601,16.413,12.67,NaN,NaN,39.22185,40.863,10.3269,NA,3.9569473898265692,wet,NaN,NA,2018-12-07T20:15:00Z
4,6.539,ChrisCrk,Rack,L1,20,NA,0,0.193,7.512,6.005,NaN,NaN,18.027299999999997,18.7897,4.4913,0.9996555302181026,4.183577138022399,wet,NaN,NA,NA
4,7.932,ChrisCrk,Rack,L2,27,NA,0,0.182,8.11,6.456,NaN,NaN,19.4606,20.2062,4.9171,0.9993708236627253,4.109373411156983,wet,NaN,NA,NA
4,7.827,ChrisCrk,Rack,L3,34,NA,0,0.25,8.744,7.059,NaN,NaN,20.9817,21.8208,5.1128,0.9993256770229865,4.267876701611641,wet,NaN,NA,NA
4,7.308,ChrisCrk,Rack,L4,41,NA,0,0.336,9.649,7.704,NaN,NaN,23.13575,24.0976,5.6357,0.9987971530707901,4.275884096030662,wet,NaN,NA,NA
4,7.404,ChrisCrk,Rack,L5,48,NA,0,0.32,9.713,7.791,NaN,NaN,23.31915,24.247,5.625,0.9992462791815169,4.310577777777778,wet,NaN,NA,NA
4,7.409,ChrisCrk,Rack,L6,56,NA,0,0.243,8.628,6.837,NaN,NaN,20.7134,21.5035,5.2138,0.9991538345716942,4.1243430894932676,wet,NaN,NA,NA
4,3.095,ChrisCrk,Rack,L7,66,NA,0,0.166,7.944,6.17,NaN,NaN,19.0762,19.7611,5.0372,0.999444466522176,3.923032637179385,wet,NaN,NA,NA
4,3.64,LeechHead,Rack,L1,122,NA,0,0.519,12.683,10.326,NaN,NaN,30.41185,31.6055,7.232,0.9998599615653125,4.37022953539823,wet,NaN,NA,NA
4,4.658,LeechHead,Rack,L2,129,NA,0,0.504,12.41,9.938,NaN,NaN,29.79155,31.1722,7.2385,0.9996408521387746,4.306444705394764,wet,NaN,NA,NA
4,7.177,LeechHead,Rack,L3,133,NA,0,0.391,11.675,9.329,NaN,NaN,27.97335,29.1756,6.8624,0.9997453776062092,4.251515504779669,wet,NaN,NA,NA
4,29.75,LeechHead,Rack,L4,140,NA,0,NaN,NaN,NaN,NaN,NaN,27.085250000000002,28.2123,6.7908,0.9996091486715734,4.154488425516876,wet,NaN,NA,NA
4,0.1889,LeechHead,Rack,L5,150,NA,0,0.542,12.953,10.24,NaN,NaN,31.04335,32.3586,7.7254,0.9994604734254722,4.188598648613665,wet,NaN,NA,NA
4,6.601,LeechHead,Rack,L6,162,NA,0,0.537,13.349,10.567,NaN,NaN,31.98585,33.3939,7.8739,0.9992479386731621,4.241087643988367,wet,NaN,NA,NA
4,0.1949,LeechHead,Rack,L7,171,NA,0,0.622,12.883,10.109,NaN,NaN,30.8824,32.1944,7.7603,0.9994889694817927,4.148602502480575,wet,NaN,NA,NA
4,6.487,LeechHead,Grab,Grab,109,NA,0,0.339,11.32,9.147,NaN,NaN,27.138599999999997,28.1891,6.5111,1.0000763028061175,4.3293913470842105,wet,NaN,NA,2018-12-07T18:30:00Z
4,5.799,CraggCrk,Rack,L1,53,NA,0,0.323,9.673,7.892,NaN,NaN,23.187849999999997,24.0947,5.4297,0.9997213326448289,4.437574819971637,wet,NaN,NA,NA
4,5.967,CraggCrk,Rack,L2,62,NA,0,0.127,8.379,6.658,NaN,NaN,NaN,NaN,NaN,NA,NaN,wet,NaN,NA,NA
4,3.815,CraggCrk,Rack,L3,73,NA,6.115,0,7.234,5,NaN,NaN,20.18235,20.8852,5.2653,NA,3.966573604542951,wet,NaN,NA,NA
4,4.958,CraggCrk,Rack,L4,84,NA,8.211,0.065,8.705,6.065,NaN,NaN,20.0384,20.7398,5.0179,NA,4.1331632754738035,wet,NaN,NA,NA
4,7.753,CraggCrk,Rack,L5,96,NA,0.816,0.276,9.822,7.709,NaN,NaN,17.34525,17.8742,6.0023,NA,2.9778918081402126,wet,NaN,NA,NA
4,6.055,CraggCrk,Rack,L6,110,NA,5.52,0.207,10.247,7.642,NaN,NaN,20.8722,21.5479,7.1072,NA,3.031840950022512,wet,NaN,NA,NA
4,3.334,CraggCrk,Grab,Grab,29,NA,0,0.01,6.101,4.983,NaN,NaN,23.56885,24.4974,6.155,0.9993439892354439,3.9800812347684804,wet,NaN,NA,2018-12-07T16:45:00Z
4,6.539,WestLeech,Rack,L1,50,NA,0,0.226,8.799,7.074,NaN,NaN,24.592799999999997,25.4588,7.3021,0.999662005678295,3.4865038824447763,wet,NaN,NA,NA
4,7.932,WestLeech,Rack,L2,60,NA,0,0.568,13.408,10.717,NaN,NaN,14.6549,15.1219,3.6521,1.0007633549671018,4.140604036034063,wet,NaN,NA,NA
4,7.827,WestLeech,Rack,L3,71,NA,0,0.432,11.811,9.378,NaN,NaN,21.1264,21.9281,5.2713,1.000024997670498,4.159903629085805,wet,NaN,NA,NA
4,7.308,WestLeech,Rack,L4,80,NA,0,0.456,12.411,9.858,NaN,NaN,32.0875,33.4752,7.8252,0.9993378509551868,4.277871492102439,wet,NaN,NA,NA
4,7.404,WestLeech,Rack,L5,90,NA,0,0.478,12.706,10.077,NaN,NaN,28.2905,29.4323,7.0909,0.9997439184611827,4.150714295787559,wet,NaN,NA,NA
4,7.409,WestLeech,Rack,L6,105,NA,0,0.422,12.543,9.839,NaN,NaN,29.72085,30.9529,7.444,0.9998509119604265,4.158100483610962,wet,NaN,NA,NA
4,3.095,WestLeech,Grab,Grab,25,NA,0,0.026,6.273,5.187,NaN,NaN,30.453200000000002,31.681,7.5546,0.9997826311631239,4.19360389696344,wet,NaN,NA,2018-12-06T21:30:00Z
4,3.64,Tunnel,Grab,Grab,16,NA,0,0.041,6.557,5.383,NaN,NaN,30.096400000000003,31.232,7.5544,0.9997245947666584,4.134279360372763,wet,NaN,NA,2018-12-06T18:00:00Z
4,4.658,5S-above,Grab,Grab,NA,NA,0,0.444,6.66,5.72,NaN,NaN,15.07825,15.5574,3.733,1.0009989108089157,4.167532815429949,wet,NaN,NA,2018-12-06T16:00:00Z
4,7.177,5S-below,Grab,Grab,NA,NA,0,0.482,6.666,5.748,NaN,NaN,15.73775,16.2746,3.7903,1.0009423399732575,4.293749835105401,wet,NaN,NA,2018-12-06T16:00:00Z
4,29.75,NA,Grab,Grab,NA,NA,NaN,NaN,NaN,NaN,NaN,NaN,16.02995,16.5819,3.4347,NA,4.827757882784523,wet,NaN,NA,NA
4,0.1889,Lab,QA-QC,RO_pH<2,NA,DOC,NA,NA,NA,NA,NA,NA,NA,NA,NA,NA,NA,wet,NA,NA,NA
4,6.601,Lab,QA-QC,CAL-VER_5.7ppm,NA,DOC,NA,NA,NA,NA,NA,NA,NA,NA,NA,NA,NA,wet,NA,NA,NA
4,0.1949,Lab,QA-QC,RO_pH<2,NA,DOC,NA,NA,NA,NA,NA,NA,NA,NA,NA,NA,NA,wet,NA,NA,NA
4,0,Lab,QA-QC,RO,NA,DOC,NA,NA,NA,NA,NA,NA,NA,NA,NA,NA,NA,wet,NA,NA,NA
4,10.49,Weeks,Rack,L1,65,DOC,0,0.697,17.656,14.038,NaN,NaN,42.0874,44.2193,10.3091,1.0001090015157015,4.289346305691088,wet,NaN,65,2018-11-26T11:55:00Z
4,9.184,Weeks,Rack,L2,72,DOC,0,0.542,16.402,13.115,NaN,NaN,39.243449999999996,40.9319,9.5804,1.0000935697833309,4.2724625276606405,wet,NaN,72,2018-11-26T15:45:00Z
4,8.504,Weeks,Rack,L3,79,DOC,0.394,0.592,15.475,12.099,NaN,NaN,37.004949999999994,38.7134,9.3987,NA,4.119016459723153,wet,NaN,79,2018-11-26T18:25:00Z
4,6.244,Weeks,Rack,L4,86,DOC,0,0.375,10.855,8.287,NaN,NaN,26.008,27.0233,7.009,0.9997160715806371,3.855514338707376,wet,NaN,86,2018-11-26T23:25:00Z
4,6.083,Weeks,Rack,L5,90,DOC,0,0.463,12.184,9.39,NaN,NaN,29.18695,30.3458,7.767,0.9998709862758574,3.907016866228917,wet,NaN,90,2018-11-27T00:55:00Z
4,9.166,Weeks,Rack,L6,95,DOC,0,0.734,15.811,12.485,NaN,NaN,37.8477,39.5353,9.3412,0.9998643480962449,4.232357727058622,wet,NaN,95,2018-11-27T03:05:00Z
4,8.447,Weeks,Rack,L7,105,DOC,0,0.643,15.681,12.377,NaN,NaN,37.66765,39.1658,9.3913,0.9995948191185668,4.170434338164045,wet,NaN,105,2018-11-27T20:15:00Z
4,8.753,Weeks,Grab,Grab,50,DOC,1.94,0.601,16.413,12.67,NaN,NaN,39.22185,40.863,10.3269,NA,3.9569473898265692,wet,NaN,NA,2018-12-07T20:15:00Z
4,4.542,ChrisCrk,Rack,L1,20,DOC,0,0.193,7.512,6.005,NaN,NaN,18.027299999999997,18.7897,4.4913,0.9996555302181026,4.183577138022399,wet,NaN,NA,NA
4,4.739,ChrisCrk,Rack,L2,27,DOC,0,0.182,8.11,6.456,NaN,NaN,19.4606,20.2062,4.9171,0.9993708236627253,4.109373411156983,wet,NaN,27,2018-11-24T09:00:00Z
4,5.496,ChrisCrk,Rack,L3,34,DOC,0,0.25,8.744,7.059,NaN,NaN,20.9817,21.8208,5.1128,0.9993256770229865,4.267876701611641,wet,NaN,34,2018-11-26T13:20:00Z
4,6.675,ChrisCrk,Rack,L4,41,DOC,0,0.336,9.649,7.704,NaN,NaN,23.13575,24.0976,5.6357,0.9987971530707901,4.275884096030662,wet,NaN,41,2018-11-26T15:00:00Z
4,5.566,ChrisCrk,Rack,L5,48,DOC,0,0.32,9.713,7.791,NaN,NaN,23.31915,24.247,5.625,0.9992462791815169,4.310577777777778,wet,NaN,48,2018-11-26T15:40:00Z
4,4.489,ChrisCrk,Rack,L6,56,DOC,0,0.243,8.628,6.837,NaN,NaN,20.7134,21.5035,5.2138,0.9991538345716942,4.1243430894932676,wet,NaN,56,2018-11-26T16:50:00Z
4,3.968,ChrisCrk,Rack,L7,66,DOC,0,0.166,7.944,6.17,NaN,NaN,19.0762,19.7611,5.0372,0.999444466522176,3.923032637179385,wet,NaN,66,2018-11-27T02:10:00Z
4,6.858,LeechHead,Rack,L1,122,DOC,0,0.519,12.683,10.326,NaN,NaN,30.41185,31.6055,7.232,0.9998599615653125,4.37022953539823,wet,NaN,122,2018-11-26T13:00:00Z
4,7.422,LeechHead,Rack,L2,129,DOC,0,0.504,12.41,9.938,NaN,NaN,29.79155,31.1722,7.2385,0.9996408521387746,4.306444705394764,wet,NaN,129,2018-11-26T14:00:00Z
4,6.149,LeechHead,Rack,L3,133,DOC,0,0.391,11.675,9.329,NaN,NaN,27.97335,29.1756,6.8624,0.9997453776062092,4.251515504779669,wet,NaN,133,2018-11-26T14:40:00Z
4,6.05,LeechHead,Rack,L4,140,DOC,0,NaN,NaN,NaN,NaN,NaN,27.085250000000002,28.2123,6.7908,0.9996091486715734,4.154488425516876,wet,NaN,140,2018-11-26T15:30:00Z
4,7.105,LeechHead,Rack,L5,150,DOC,0,0.542,12.953,10.24,NaN,NaN,31.04335,32.3586,7.7254,0.9994604734254722,4.188598648613665,wet,NaN,150,2018-11-26T16:50:00Z
4,7.385,LeechHead,Rack,L6,162,DOC,0,0.537,13.349,10.567,NaN,NaN,31.98585,33.3939,7.8739,0.9992479386731621,4.241087643988367,wet,NaN,162,2018-11-28T04:20:00Z
4,6.939,LeechHead,Rack,L7,171,DOC,0,0.622,12.883,10.109,NaN,NaN,30.8824,32.1944,7.7603,0.9994889694817927,4.148602502480575,wet,NaN,171,2018-11-27T03:30:00Z
4,5.832,LeechHead,Grab,Grab,109,DOC,0,0.339,11.32,9.147,NaN,NaN,27.138599999999997,28.1891,6.5111,1.0000763028061175,4.3293913470842105,wet,NaN,NA,2018-12-07T18:30:00Z
4,6.745,CraggCrk,Rack,L1,53,DOC,0,0.323,9.673,7.892,NaN,NaN,23.187849999999997,24.0947,5.4297,0.9997213326448289,4.437574819971637,wet,NaN,53,2018-11-26T14:55:00Z
4,4.449,CraggCrk,Rack,L2,62,DOC,0,0.127,8.379,6.658,NaN,NaN,NaN,NaN,NaN,NA,NaN,wet,NaN,62,2018-11-26T16:05:00Z
4,3.004,CraggCrk,Rack,L3,73,DOC,6.115,0,7.234,5,NaN,NaN,20.18235,20.8852,5.2653,NA,3.966573604542951,wet,NaN,73,2018-11-26T17:15:00Z
4,3.889,CraggCrk,Rack,L4,84,DOC,8.211,0.065,8.705,6.065,NaN,NaN,20.0384,20.7398,5.0179,NA,4.1331632754738035,wet,NaN,84,2018-11-28T09:25:00Z
4,6.066,CraggCrk,Rack,L5,96,DOC,0.816,0.276,9.822,7.709,NaN,NaN,17.34525,17.8742,6.0023,NA,2.9778918081402126,wet,NaN,96,2018-11-26T19:05:00Z
4,5.325,CraggCrk,Rack,L6,110,DOC,5.52,0.207,10.247,7.642,NaN,NaN,20.8722,21.5479,7.1072,NA,3.031840950022512,wet,NaN,110,2018-11-26T20:45:00Z
4,3.065,CraggCrk,Grab,Grab,29,DOC,0,0.01,6.101,4.983,NaN,NaN,23.56885,24.4974,6.155,0.9993439892354439,3.9800812347684804,wet,NaN,NA,2018-12-07T16:45:00Z
4,5.493,WestLeech,Rack,L1,50,DOC,0,0.226,8.799,7.074,NaN,NaN,24.592799999999997,25.4588,7.3021,0.999662005678295,3.4865038824447763,wet,NaN,50,2018-11-26T15:40:00Z
4,7.425,WestLeech,Rack,L2,60,DOC,0,0.568,13.408,10.717,NaN,NaN,14.6549,15.1219,3.6521,1.0007633549671018,4.140604036034063,wet,NaN,60,2018-11-26T17:00:00Z
4,6.721,WestLeech,Rack,L3,71,DOC,0,0.432,11.811,9.378,NaN,NaN,21.1264,21.9281,5.2713,1.000024997670498,4.159903629085805,wet,NaN,71,2018-11-26T18:20:00Z
4,6.466,WestLeech,Rack,L4,80,DOC,0,0.456,12.411,9.858,NaN,NaN,32.0875,33.4752,7.8252,0.9993378509551868,4.277871492102439,wet,NaN,80,2018-11-26T19:20:00Z
4,6.51,WestLeech,Rack,L5,90,DOC,0,0.478,12.706,10.077,NaN,NaN,28.2905,29.4323,7.0909,0.9997439184611827,4.150714295787559,wet,NaN,90,2018-11-26T20:40:00Z
4,7.539,WestLeech,Rack,L6,105,DOC,0,0.422,12.543,9.839,NaN,NaN,29.72085,30.9529,7.444,0.9998509119604265,4.158100483610962,wet,NaN,NA,NA
4,2.698,WestLeech,Grab,Grab,25,DOC,0,0.026,6.273,5.187,NaN,NaN,30.453200000000002,31.681,7.5546,0.9997826311631239,4.19360389696344,wet,NaN,NA,2018-12-06T21:30:00Z
4,4.113,Tunnel,Grab,Grab,16,DOC,0,0.041,6.557,5.383,NaN,NaN,30.096400000000003,31.232,7.5544,0.9997245947666584,4.134279360372763,wet,NaN,NA,2018-12-06T18:00:00Z
4,4.32,5S-above,Grab,Grab,NA,DOC,NA,NA,NA,NA,NA,NA,NA,NA,NA,NA,NA,wet,NA,NA,NA
4,4.364,5S-below,Grab,Grab,NA,DOC,NA,NA,NA,NA,NA,NA,NA,NA,NA,NA,NA,wet,NA,NA,NA
4,26.56,NA,Grab,Grab,NA,DOC,NaN,NaN,NaN,NaN,NaN,NaN,16.02995,16.5819,3.4347,NA,4.827757882784523,wet,NaN,NA,NA
4,0.2023,Lab,QA-QC,RO_pH<2,NA,DOC,NA,NA,NA,NA,NA,NA,NA,NA,NA,NA,NA,wet,NA,NA,NA
4,5.914,Lab,QA-QC,5.7ppm_cal-ver,NA,DOC,NA,NA,NA,NA,NA,NA,NA,NA,NA,NA,NA,wet,NA,NA,NA
4,0.1371,Lab,QA-QC,RO_pH<2,NA,DOC,NA,NA,NA,NA,NA,NA,NA,NA,NA,NA,NA,wet,NA,NA,NA
4,0,Lab,QA-QC,RO,NA,DOC,NA,NA,NA,NA,NA,NA,NA,NA,NA,NA,NA,wet,NA,NA,NA
5,6.219,WestLeech,Rack,L1,31,NA,NA,NA,NA,NA,NA,NA,NA,NA,NA,NA,NA,wet,NA,NA,NA
5,5.358,WestLeech,Rack,L2,48,NA,NA,NA,NA,NA,NA,NA,NA,NA,NA,NA,NA,wet,NA,NA,NA
5,5.596,WestLeech,Rack,L3,69.5,NA,NA,NA,NA,NA,NA,NA,NA,NA,NA,NA,NA,wet,NA,NA,NA
5,5.639,WestLeech,Rack,L4,84,NA,NA,NA,NA,NA,NA,NA,NA,NA,NA,NA,NA,wet,NA,NA,NA
5,6.586,WestLeech,Rack,L5,100,NA,NA,NA,NA,NA,NA,NA,NA,NA,NA,NA,NA,wet,NA,NA,NA
5,6.233,WestLeech,Rack,L6,114,NA,NA,NA,NA,NA,NA,NA,NA,NA,NA,NA,NA,wet,NA,NA,NA
5,2.507,WestLeech,Grab,Grab,40,NA,NA,NA,NA,NA,NA,NA,NA,NA,NA,NA,NA,wet,NA,NA,2019-01-07T18:00:00Z
5,6.219,WestLeech,Rack,L1,31,DOC,NA,NA,NA,NA,NA,NA,NA,NA,NA,NA,NA,wet,NA,31,2018-12-09T22:25:00Z
5,5.358,WestLeech,Rack,L2,48,DOC,NA,NA,NA,NA,NA,NA,NA,NA,NA,NA,NA,wet,NA,48,2018-12-11T15:25:00Z
5,5.596,WestLeech,Rack,L3,69.5,DOC,NA,NA,NA,NA,NA,NA,NA,NA,NA,NA,NA,wet,NA,70,2018-12-12T04:15:00Z
5,5.639,WestLeech,Rack,L4,84,DOC,NA,NA,NA,NA,NA,NA,NA,NA,NA,NA,NA,wet,NA,84,2018-12-12T00:05:00Z
5,6.586,WestLeech,Rack,L5,100,DOC,NA,NA,NA,NA,NA,NA,NA,NA,NA,NA,NA,wet,NA,100,2019-01-03T16:55:00Z
5,6.233,WestLeech,Rack,L6,114,DOC,NA,NA,NA,NA,NA,NA,NA,NA,NA,NA,NA,wet,NA,NA,NA
5,2.507,WestLeech,Grab,Grab,40,DOC,NA,NA,NA,NA,NA,NA,NA,NA,NA,NA,NA,wet,NA,NA,2019-01-07T18:00:00Z
5,4.179,Tunnel,Rack,L1,20,DOC,NA,NA,NA,NA,NA,NA,NA,NA,NA,NA,NA,wet,NA,20,2018-12-09T23:40:00Z
5,4.118,Tunnel,Rack,L2,34,DOC,NA,NA,NA,NA,NA,NA,NA,NA,NA,NA,NA,wet,NA,34,2018-12-10T07:20:00Z
5,4.472,Tunnel,Rack,L3,56,DOC,NA,NA,NA,NA,NA,NA,NA,NA,NA,NA,NA,wet,NA,56,2018-12-11T15:40:00Z
5,5.789,Tunnel,Rack,L4,70,DOC,NA,NA,NA,NA,NA,NA,NA,NA,NA,NA,NA,wet,NA,70,2018-12-12T16:30:00Z
5,5.552,Tunnel,Rack,L5,85,DOC,NA,NA,NA,NA,NA,NA,NA,NA,NA,NA,NA,wet,NA,85,2018-12-11T17:30:00Z
5,5.577,Tunnel,Rack,L6,100,DOC,NA,NA,NA,NA,NA,NA,NA,NA,NA,NA,NA,wet,NA,100,2018-12-11T18:10:00Z
5,5.942,Tunnel,Rack,L7,117,DOC,NA,NA,NA,NA,NA,NA,NA,NA,NA,NA,NA,wet,NA,117,2018-12-12T01:20:00Z
5,5.687,Tunnel,Rack,L8,138,DOC,NA,NA,NA,NA,NA,NA,NA,NA,NA,NA,NA,wet,NA,138,2018-12-11T21:50:00Z
5,6.951,Tunnel,Rack,L9,156,DOC,NA,NA,NA,NA,NA,NA,NA,NA,NA,NA,NA,wet,NA,156,2019-01-04T02:40:00Z
5,3.346,Tunnel,Grab,Grab,58,DOC,NA,NA,NA,NA,NA,NA,NA,NA,NA,NA,NA,wet,NA,NA,2019-01-07T20:10:00Z
5,6.306,LeechHead,Rack,L1,124,DOC,NA,NA,NA,NA,NA,NA,NA,NA,NA,NA,NA,wet,NA,124,2018-12-11T12:15:00Z
5,6.9,LeechHead,Rack,L2,139,DOC,NA,NA,NA,NA,NA,NA,NA,NA,NA,NA,NA,wet,NA,139,2018-12-15T03:05:00Z
5,6.82,LeechHead,Rack,L3,155,DOC,NA,NA,NA,NA,NA,NA,NA,NA,NA,NA,NA,wet,NA,155,2018-12-11T18:05:00Z
5,6.997,LeechHead,Rack,L4,171,DOC,NA,NA,NA,NA,NA,NA,NA,NA,NA,NA,NA,wet,NA,171,2019-01-03T20:05:00Z
5,4.872,LeechHead,Grab,Grab,NA,DOC,NA,NA,NA,NA,NA,NA,NA,NA,NA,NA,NA,wet,NA,NA,2019-01-07T22:15:00Z
5,8.591,Weeks,Rack,L1,60,DOC,NA,NA,NA,NA,NA,NA,NA,NA,NA,NA,NA,wet,NA,60,2018-12-10T16:30:00Z
5,10.83,Weeks,Rack,L2,75,DOC,NA,NA,NA,NA,NA,NA,NA,NA,NA,NA,NA,wet,NA,75,2018-12-11T16:30:00Z
5,9.818,Weeks,Rack,L3,96,DOC,NA,NA,NA,NA,NA,NA,NA,NA,NA,NA,NA,wet,NA,96,2019-01-04T00:50:00Z
5,7.729,Weeks,Rack,L4,108,DOC,NA,NA,NA,NA,NA,NA,NA,NA,NA,NA,NA,wet,NA,NA,NA
5,6.426,Weeks,Grab,Grab,NA,DOC,NA,NA,NA,NA,NA,NA,NA,NA,NA,NA,NA,wet,NA,NA,2019-01-07T22:50:00Z
5,2.589,ChrisCrk,Rack,L1,48,DOC,NA,NA,NA,NA,NA,NA,NA,NA,NA,NA,NA,wet,NA,48,2018-12-13T06:10:00Z
5,3.501,ChrisCrk,Rack,L2,85,DOC,NA,NA,NA,NA,NA,NA,NA,NA,NA,NA,NA,wet,NA,NA,NA
5,2.29,ChrisCrk,Grab,Grab,NA,DOC,NA,NA,NA,NA,NA,NA,NA,NA,NA,NA,NA,wet,NA,NA,2019-01-07T23:20:00Z
5,3.154,CraggCrk,Rack,L1,45,DOC,NA,NA,NA,NA,NA,NA,NA,NA,NA,NA,NA,wet,NA,45,2018-12-11T11:40:00Z
5,5.347,CraggCrk,Rack,L2,65,DOC,NA,NA,NA,NA,NA,NA,NA,NA,NA,NA,NA,wet,NA,65,2018-12-11T17:20:00Z
5,4.272,CraggCrk,Rack,L3,88,DOC,NA,NA,NA,NA,NA,NA,NA,NA,NA,NA,NA,wet,NA,88,2018-12-11T19:20:00Z
5,6.991,CraggCrk,Rack,L4,102,DOC,NA,NA,NA,NA,NA,NA,NA,NA,NA,NA,NA,wet,NA,102,2019-01-03T18:30:00Z
5,4.389,CraggCrk,Rack,L5,122,DOC,NA,NA,NA,NA,NA,NA,NA,NA,NA,NA,NA,wet,NA,122,2019-01-04T10:00:00Z
5,4.538,CraggCrk,Rack,L6,148,DOC,NA,NA,NA,NA,NA,NA,NA,NA,NA,NA,NA,wet,NA,NA,NA
5,4.456,CraggCrk,Grab,Grab,49,DOC,NA,NA,NA,NA,NA,NA,NA,NA,NA,NA,NA,wet,NA,NA,2019-01-08T17:00:00Z
5,4.452,Tunnel,Rack,L1,20,NA,NA,NA,NA,NA,NA,NA,NA,NA,NA,NA,NA,wet,NA,NA,NA
5,4.169,Tunnel,Rack,L2,34,NA,NA,NA,NA,NA,NA,NA,NA,NA,NA,NA,NA,wet,NA,NA,NA
5,4.667,Tunnel,Rack,L3,56,NA,NA,NA,NA,NA,NA,NA,NA,NA,NA,NA,NA,wet,NA,NA,NA
5,5.916,Tunnel,Rack,L4,70,NA,NA,NA,NA,NA,NA,NA,NA,NA,NA,NA,NA,wet,NA,NA,NA
5,5.509,Tunnel,Rack,L5,85,NA,NA,NA,NA,NA,NA,NA,NA,NA,NA,NA,NA,wet,NA,NA,NA
5,4.883,Tunnel,Rack,L6,100,NA,NA,NA,NA,NA,NA,NA,NA,NA,NA,NA,NA,wet,NA,NA,NA
5,5.206,Tunnel,Rack,L7,117,NA,NA,NA,NA,NA,NA,NA,NA,NA,NA,NA,NA,wet,NA,NA,NA
5,5.379,Tunnel,Rack,L8,138,NA,NA,NA,NA,NA,NA,NA,NA,NA,NA,NA,NA,wet,NA,NA,NA
5,5.553,Tunnel,Rack,L9,156,NA,NA,NA,NA,NA,NA,NA,NA,NA,NA,NA,NA,wet,NA,NA,NA
5,3.552,Tunnel,Grab,Grab,58,NA,NA,NA,NA,NA,NA,NA,NA,NA,NA,NA,NA,wet,NA,NA,2019-01-07T20:10:00Z
5,6.467,LeechHead,Rack,L1,124,NA,NA,NA,NA,NA,NA,NA,NA,NA,NA,NA,NA,wet,NA,NA,NA
5,6.449,LeechHead,Rack,L2,139,NA,NA,NA,NA,NA,NA,NA,NA,NA,NA,NA,NA,wet,NA,NA,NA
5,6.948,LeechHead,Rack,L3,155,NA,NA,NA,NA,NA,NA,NA,NA,NA,NA,NA,NA,wet,NA,NA,NA
5,7.264,LeechHead,Rack,L4,171,NA,NA,NA,NA,NA,NA,NA,NA,NA,NA,NA,NA,wet,NA,NA,NA
5,4.414,LeechHead,Grab,Grab,NA,NA,NA,NA,NA,NA,NA,NA,NA,NA,NA,NA,NA,wet,NA,NA,2019-01-07T22:15:00Z
5,8.391,Weeks,Rack,L1,60,NA,NA,NA,NA,NA,NA,NA,NA,NA,NA,NA,NA,wet,NA,NA,NA
5,8.629,Weeks,Rack,L2,75,NA,NA,NA,NA,NA,NA,NA,NA,NA,NA,NA,NA,wet,NA,NA,NA
5,8.24,Weeks,Rack,L3,96,NA,NA,NA,NA,NA,NA,NA,NA,NA,NA,NA,NA,wet,NA,NA,NA
5,8.507,Weeks,Rack,L4,108,NA,NA,NA,NA,NA,NA,NA,NA,NA,NA,NA,NA,wet,NA,NA,NA
5,5.074,Weeks,Grab,Grab,NA,NA,NA,NA,NA,NA,NA,NA,NA,NA,NA,NA,NA,wet,NA,NA,2019-01-07T22:50:00Z
5,2.482,ChrisCrk,Rack,L1,48,NA,NA,NA,NA,NA,NA,NA,NA,NA,NA,NA,NA,wet,NA,NA,NA
5,3.332,ChrisCrk,Rack,L2,85,NA,NA,NA,NA,NA,NA,NA,NA,NA,NA,NA,NA,wet,NA,NA,NA
5,1.953,ChrisCrk,Grab,Grab,NA,NA,NA,NA,NA,NA,NA,NA,NA,NA,NA,NA,NA,wet,NA,NA,2019-01-07T23:20:00Z
5,0.466,Lab,QA-QC,RO,NA,DOC,NA,NA,NA,NA,NA,NA,NA,NA,NA,NA,NA,wet,NA,NA,NA
5,0.1733,Lab,QA-QC,RO,NA,DOC,NA,NA,NA,NA,NA,NA,NA,NA,NA,NA,NA,wet,NA,NA,NA
6,6.093,Weeks,Rack,L1,92,DOC,NA,NA,NA,NA,NA,NA,NA,NA,NA,NA,NA,wet,NA,NA,NA
6,5.897,Weeks,Rack,L2,102,DOC,NA,NA,NA,NA,NA,NA,NA,NA,NA,NA,NA,wet,NA,NA,NA
6,3.95,LeechHead,Rack,L1,147,DOC,NA,NA,NA,NA,NA,NA,NA,NA,NA,NA,NA,wet,NA,NA,NA
6,3.339,ChrisCrk,Rack,L1,38,DOC,NA,NA,NA,NA,NA,NA,NA,NA,NA,NA,NA,wet,NA,38,2019-01-10T02:30:00Z
6,1.845,ChrisCrk,Grab,Grab,25,DOC,NA,NA,NA,NA,NA,NA,NA,NA,NA,NA,NA,wet,NA,NA,2019-02-05T18:30:00Z
6,3.548,CraggCrk,Rack,L1,51,DOC,NA,NA,NA,NA,NA,NA,NA,NA,NA,NA,NA,wet,NA,51,2019-01-10T02:10:00Z
6,3.04,CraggCrk,Rack,L2,65,DOC,NA,NA,NA,NA,NA,NA,NA,NA,NA,NA,NA,wet,NA,65,2019-01-19T22:50:00Z
6,2.581,CraggCrk,Grab,Grab,35,DOC,NA,NA,NA,NA,NA,NA,NA,NA,NA,NA,NA,wet,NA,NA,2019-02-05T20:00:00Z
6,3.009,WestLeech,Rack,L1,47,DOC,NA,NA,NA,NA,NA,NA,NA,NA,NA,NA,NA,wet,NA,47,2019-01-10T02:35:00Z
6,3.184,WestLeech,Rack,L2,71,DOC,NA,NA,NA,NA,NA,NA,NA,NA,NA,NA,NA,wet,NA,71,2019-01-23T10:15:00Z
6,2.333,WestLeech,Grab,Grab,28,DOC,NA,NA,NA,NA,NA,NA,NA,NA,NA,NA,NA,wet,NA,NA,2019-02-06T17:30:00Z
6,2.791,Tunnel,Rack,L1,59,DOC,NA,NA,NA,NA,NA,NA,NA,NA,NA,NA,NA,wet,NA,59,2019-01-10T08:20:00Z
6,3.168,Tunnel,Rack,L2,72,DOC,NA,NA,NA,NA,NA,NA,NA,NA,NA,NA,NA,wet,NA,72,2019-01-23T08:20:00Z
6,2.693,Tunnel,Rack,L4,99,DOC,NA,NA,NA,NA,NA,NA,NA,NA,NA,NA,NA,wet,NA,NA,NA
6,2.187,Tunnel,Grab,Grab,17,DOC,NA,NA,NA,NA,NA,NA,NA,NA,NA,NA,NA,wet,NA,NA,2019-02-06T18:45:00Z
6,0.2209,Lab,QA-QC,RO_pH<2,NA,DOC,NA,NA,NA,NA,NA,NA,NA,NA,NA,NA,NA,wet,NA,NA,NA
6,5.442,Lab,QA-QC,CAL-VER_5.7ppm,NA,DOC,NA,NA,NA,NA,NA,NA,NA,NA,NA,NA,NA,wet,NA,NA,NA
6,0.4082,Lab,QA-QC,RO_pH<2,NA,DOC,NA,NA,NA,NA,NA,NA,NA,NA,NA,NA,NA,wet,NA,NA,NA
6,6.953,Lab,QA-QC,CAL-VER_5.7ppm,NA,DOC,NA,NA,NA,NA,NA,NA,NA,NA,NA,NA,NA,wet,NA,NA,NA
6,0.4716,Lab,QA-QC,RO,NA,DOC,NA,NA,NA,NA,NA,NA,NA,NA,NA,NA,NA,wet,NA,NA,NA
7,6.033,LeechHead,Grab,Grab,118,DOC,0,0.254,8.949,7.306,NaN,NaN,21.490949999999998,22.2637,5.2189,1.0004103724216613,4.265975588725594,wet,NaN,NA,2019-04-10T18:15:00Z
7,6.376,Weeks,Grab,R1,61,DOC,0,0.408,12.477,9.967,NaN,NaN,29.89105,31.0557,7.2696,1.0001037043965046,4.271995708154507,wet,NaN,NA,2019-04-10T19:00:00Z
7,6.468,Weeks,Grab,R2,61,DOC,0,0.506,12.54,9.918,NaN,NaN,30.03135,31.2387,7.3687,1.0000236970724214,4.239377366428271,wet,NaN,NA,2019-04-10T19:00:00Z
7,6.561,Weeks,Grab,R3,61,DOC,0,0.522,12.585,10.002,NaN,NaN,30.1282,31.3916,7.5674,1.0000838466680597,4.14826756878188,wet,NaN,NA,2019-04-10T19:00:00Z
7,2.367,ChrisCrk,Grab,Grab,25,DOC,0,0,3.978,3.321,NaN,NaN,9.55565,9.9271,2.373,1.0018927203102852,4.183354403708385,wet,NaN,NA,2019-04-10T20:15:00Z
7,3.163,CraggCrk,Grab,R1,41,DOC,0,0.079,5.266,4.419,NaN,NaN,12.646149999999999,13.1241,3.031,1.0012132806483518,4.329957109864731,wet,NaN,NA,2019-04-10T22:00:00Z
7,3.072,CraggCrk,Grab,R2,NA,DOC,0,0.078,5.239,4.399,NaN,NaN,12.579,13.0545,2.9388,1.0013756942298269,4.4421192323397305,wet,NaN,NA,2019-04-10T22:00:00Z
7,2.74,CraggCrk,Grab,R3,NA,DOC,0,0.073,5.218,4.419,NaN,NaN,12.5257,12.9914,2.8877,1.0009426071157896,4.498874536828618,wet,NaN,NA,2019-04-10T22:00:00Z
7,2.891,WestLeech,Rack,L1,32,DOC,0,0.14,6.206,4.644,NaN,NaN,14.882449999999999,15.3903,4.3931,1.0001567909192295,3.5032892490496463,wet,NaN,32,2019-03-19T22:55:00Z
7,3.218,WestLeech,Grab,Grab,30,DOC,0,0.104,5.82,4.817,NaN,NaN,13.773700000000002,14.27,3.3472,1.0010859298010761,4.2632648183556405,wet,NaN,NA,2019-04-11T17:45:00Z
7,2.875,Tunnel,Grab,R1,23,DOC,0,0.041,5.862,4.908,NaN,NaN,14.076899999999998,14.5499,3.3294,1.0007895785738357,4.370126749564486,wet,NaN,NA,2019-04-11T19:30:00Z
7,3.2,Tunnel,Grab,R2,23,DOC,0,0.054,5.851,4.887,NaN,NaN,14.05685,14.5438,3.2541,1.0009684620408312,4.469377093512799,wet,NaN,NA,2019-04-11T19:30:00Z
7,3.005,Tunnel,Grab,R3,23,DOC,0,0.032,5.895,4.908,NaN,NaN,14.15855,14.6377,3.433,1.0006996650897846,4.263821730265074,wet,NaN,NA,2019-04-11T19:30:00Z
7,5.767,Lab,QA-QC,CAL-VER_A1_5.60ppm,NA,DOC,NA,NA,NA,NA,NA,NA,NA,NA,NA,NA,NA,wet,NA,NA,NA
7,5.789,Lab,QA-QC,CAL-VER_A2_5.31ppm,NA,DOC,NA,NA,NA,NA,NA,NA,NA,NA,NA,NA,NA,wet,NA,NA,NA
7,0.3637,Lab,QA-QC,RO_pH<2,NA,DOC,NA,NA,NA,NA,NA,NA,NA,NA,NA,NA,NA,wet,NA,NA,NA
7,0.3653,Lab,QA-QC,RO,NA,DOC,0,0,1.2926666666666666,1.2323333333333333,NaN,NaN,3.121033333333333,3.1784,0.8449333333333333,1.0537046248161666,3.7617169007416758,wet,NaN,NA,NA
7,5.541,Lab,QA-QC,CAL-VER_B1_5.08ppm,NA,DOC,NA,NA,NA,NA,NA,NA,NA,NA,NA,NA,NA,wet,NA,NA,NA
7,0.357,Lab,QA-QC,CAL-VER_B2_5.35ppm,NA,DOC,NA,NA,NA,NA,NA,NA,NA,NA,NA,NA,NA,wet,NA,NA,NA
7,0.3783,Lab,QA-QC,RO_pH<2,NA,DOC,NA,NA,NA,NA,NA,NA,NA,NA,NA,NA,NA,wet,NA,NA,NA
7,0.3782,Lab,QA-QC,RO,NA,DOC,0,0,1.2926666666666666,1.2323333333333333,NaN,NaN,3.121033333333333,3.1784,0.8449333333333333,1.0537046248161666,3.7617169007416758,wet,NaN,NA,NA
8,2.955,Rithet,Grab,Grab,NA,DOC,NA,NA,NA,NA,NA,NA,NA,NA,NA,NA,NA,wet,NA,NA,2019-05-15T16:20:00Z
8,1.637,Rithet-S,Grab,Grab,NA,DOC,NA,NA,NA,NA,NA,NA,NA,NA,NA,NA,NA,wet,NA,NA,2019-05-15T23:30:00Z
8,3.994,LeechHead,Grab,Grab,NA,DOC,NA,NA,NA,NA,NA,NA,NA,NA,NA,NA,NA,wet,NA,NA,2019-05-15T17:45:00Z
8,7.54,Weeks,Grab,Grab,NA,DOC,NA,NA,NA,NA,NA,NA,NA,NA,NA,NA,NA,wet,NA,NA,2019-05-15T18:30:00Z
8,1.914,ChrisCrk,Grab,Grab,NA,DOC,NA,NA,NA,NA,NA,NA,NA,NA,NA,NA,NA,wet,NA,NA,2019-05-15T19:15:00Z
8,1.788,CraggCrk,Grab,Grab,10,DOC,NA,NA,NA,NA,NA,NA,NA,NA,NA,NA,NA,wet,NA,NA,2019-05-15T20:15:00Z
8,3.245,CraggCrk,Rack,L1,46,DOC,NA,NA,NA,NA,NA,NA,NA,NA,NA,NA,NA,wet,NA,NA,NA
8,1.737,Tunnel,Grab,Grab,NA,DOC,NA,NA,NA,NA,NA,NA,NA,NA,NA,NA,NA,wet,NA,NA,2019-05-15T21:15:00Z
8,3.646,Tunnel,Rack,L1,24,DOC,NA,NA,NA,NA,NA,NA,NA,NA,NA,NA,NA,wet,NA,24,2019-04-13T21:55:00Z
8,2.712,Tunnel,Rack,L2,35,DOC,NA,NA,NA,NA,NA,NA,NA,NA,NA,NA,NA,wet,NA,35,2019-04-19T06:55:00Z
8,1.968,Tunnel,Grab,R1,NA,DOC,NA,NA,NA,NA,NA,NA,NA,NA,NA,NA,NA,wet,NA,NA,2019-05-15T21:15:00Z
8,1.649,Tunnel,Grab,R2,NA,DOC,NA,NA,NA,NA,NA,NA,NA,NA,NA,NA,NA,wet,NA,NA,2019-05-15T21:15:00Z
8,1.806,Tunnel,Grab,R3,NA,DOC,NA,NA,NA,NA,NA,NA,NA,NA,NA,NA,NA,wet,NA,NA,2019-05-15T21:15:00Z
8,1.818,Tunnel,Grab,R4,NA,DOC,NA,NA,NA,NA,NA,NA,NA,NA,NA,NA,NA,wet,NA,NA,2019-05-15T21:15:00Z
8,1.73,Tunnel,Grab,R5,NA,DOC,NA,NA,NA,NA,NA,NA,NA,NA,NA,NA,NA,wet,NA,NA,2019-05-15T21:15:00Z
8,1.997,WestLeech,Grab,Grab,17,DOC,NA,NA,NA,NA,NA,NA,NA,NA,NA,NA,NA,wet,NA,NA,2019-05-15T22:30:00Z
8,2.663,WestLeech,Rack,L1,31,DOC,NA,NA,NA,NA,NA,NA,NA,NA,NA,NA,NA,wet,NA,31,2019-04-13T17:15:00Z
8,4.501,WestLeech,Rack,L2,48,DOC,NA,NA,NA,NA,NA,NA,NA,NA,NA,NA,NA,wet,NA,48,2019-04-19T11:15:00Z
8,1.887,Boneyard,Grab,R1,NA,DOC,NA,NA,NA,NA,NA,NA,NA,NA,NA,NA,NA,wet,NA,NA,2019-05-15T23:10:00Z
8,1.879,Boneyard,Grab,R2,NA,DOC,NA,NA,NA,NA,NA,NA,NA,NA,NA,NA,NA,wet,NA,NA,2019-05-15T23:10:00Z
8,1.826,Boneyard,Grab,R3,NA,DOC,NA,NA,NA,NA,NA,NA,NA,NA,NA,NA,NA,wet,NA,NA,2019-05-15T23:10:00Z
8,1.881,Boneyard,Grab,R4,NA,DOC,NA,NA,NA,NA,NA,NA,NA,NA,NA,NA,NA,wet,NA,NA,2019-05-15T23:10:00Z
8,1.828,Boneyard,Grab,R5,NA,DOC,NA,NA,NA,NA,NA,NA,NA,NA,NA,NA,NA,wet,NA,NA,2019-05-15T23:10:00Z
8,5.416,Judge-crk,Grab,Grab,NA,DOC,NA,NA,NA,NA,NA,NA,NA,NA,NA,NA,NA,wet,NA,NA,2019-05-15T23:45:00Z
8,0.4636,Lab,QA-QC,RO,NA,DOC,NA,NA,NA,NA,NA,NA,NA,NA,NA,NA,NA,wet,NA,NA,NA
8,0.4814,Lab,QA-QC,Lid-blank,NA,DOC,NA,NA,NA,NA,NA,NA,NA,NA,NA,NA,NA,wet,NA,NA,NA
8,0.5842,Lab,QA-QC,Lid-untreated,NA,DOC,NA,NA,NA,NA,NA,NA,NA,NA,NA,NA,NA,wet,NA,NA,NA
8,1.937,Lab,QA-QC,Lid-treated,NA,DOC,NA,NA,NA,NA,NA,NA,NA,NA,NA,NA,NA,wet,NA,NA,NA
8,0.2784,Lab,QA-QC,RO,NA,DOC,NA,NA,NA,NA,NA,NA,NA,NA,NA,NA,NA,wet,NA,NA,NA
9,15.1,Judge-crk,Grab,FP0531,NA,DOC,0,0.301,10.403,8.624,NaN,NaN,24.96005,25.8696,5.781,1.0004808030054069,4.474935132330047,wet,NaN,NA,2019-05-31T15:10:00Z
9,10.41,Rithet,Grab,FP0531,NA,DOC,0,0,4.528,3.576,NaN,NaN,10.862400000000001,11.2537,2.868,1.0016698685208976,3.9238842398884244,wet,NaN,NA,2019-05-31T15:30:00Z
9,5.748,Lazar,Grab,FP0531,NA,DOC,0,0,3.366,2.857,NaN,NaN,8.0942,8.3517,1.9819,1.0037484058826305,4.213986578535748,wet,NaN,NA,2019-05-31T15:50:00Z
9,10.41,Jarvis,Grab,FP0531,NA,DOC,0,0.293,10.527,8.853,NaN,NaN,25.242,26.2841,5.6459,1.000279675231754,4.655431374980074,wet,NaN,NA,2019-05-31T16:00:00Z
9,6.473,LeechHead,Grab,FP0531,NA,DOC,0,0.077,6.341,5.254,NaN,NaN,15.233450000000001,15.7807,3.6561,1.001220268108026,4.316265966467,wet,NaN,NA,2019-05-31T16:45:00Z
9,12.72,Weeks,Grab,FP0531,NA,DOC,0,0.611,16.2645,12.927499999999998,NaN,NaN,38.954525,40.568600000000004,9.5852,1.0002543480341524,4.232420815423779,wet,NaN,NA,2019-05-31T17:00:00Z
9,12.3,Weeks,Grab,FP0531,NA,DOC,0,0.611,16.2645,12.927499999999998,NaN,NaN,38.954525,40.568600000000004,9.5852,1.0002543480341524,4.232420815423779,wet,NaN,NA,2019-05-31T17:00:00Z
9,5.355,ChrisCrk,Grab,FP0531,NA,DOC,0,0,4.367,3.648,NaN,NaN,10.5019,10.8536,2.4946,1.0027494690872492,4.350837809668884,wet,NaN,NA,2019-05-31T17:30:00Z
9,4.523,CraggCrk,Grab,FP0531,NA,DOC,0,0,3.079,2.652,NaN,NaN,7.4124,7.6291,1.7651,1.0064680675071154,4.322191377259079,wet,NaN,NA,2019-05-31T18:15:00Z
9,4.282,WestLeech,Grab,FP0531,NA,DOC,0,0,3.088,2.633,NaN,NaN,7.42805,7.6683,1.7854,1.0062626811453927,4.295003920690041,wet,NaN,NA,2019-05-31T19:15:00Z
9,4.935,Tunnel,Grab,FP0531,NA,DOC,0,0,3.064,2.675,NaN,NaN,7.37235,7.5974,1.7435,1.006854202972793,4.357556638944652,wet,NaN,NA,2019-05-31T20:15:00Z
9,6.792,Lab,QA-QC,CalVer_5.816ppm,NA,DOC,NA,NA,NA,NA,NA,NA,NA,NA,NA,NA,NA,wet,NA,NA,NA
9,17.25,Judge-crk,Grab,FP0603,NA,DOC,NA,NA,NA,NA,NA,NA,NA,NA,NA,NA,NA,wet,NA,NA,2019-05-31T15:10:00Z
9,12.47,Rithet,Grab,FP0603,NA,DOC,NA,NA,NA,NA,NA,NA,NA,NA,NA,NA,NA,wet,NA,NA,2019-05-31T15:30:00Z
9,7.085,Lazar,Grab,FP0603,NA,DOC,NA,NA,NA,NA,NA,NA,NA,NA,NA,NA,NA,wet,NA,NA,2019-05-31T15:50:00Z
9,10.92,Jarvis,Grab,FP0603,NA,DOC,NA,NA,NA,NA,NA,NA,NA,NA,NA,NA,NA,wet,NA,NA,2019-05-31T16:00:00Z
9,6.715,LeechHead,Grab,FP0603,NA,DOC,NA,NA,NA,NA,NA,NA,NA,NA,NA,NA,NA,wet,NA,NA,2019-05-31T16:45:00Z
9,13.1,Weeks,Grab,FP0603,NA,DOC,NA,NA,NA,NA,NA,NA,NA,NA,NA,NA,NA,wet,NA,NA,2019-05-31T17:00:00Z
9,13.07,Weeks,Grab,FP0603,NA,DOC,NA,NA,NA,NA,NA,NA,NA,NA,NA,NA,NA,wet,NA,NA,2019-05-31T17:00:00Z
9,6.316,ChrisCrk,Grab,FP0603,NA,DOC,NA,NA,NA,NA,NA,NA,NA,NA,NA,NA,NA,wet,NA,NA,2019-05-31T17:30:00Z
9,5.177,CraggCrk,Grab,FP0603,NA,DOC,NA,NA,NA,NA,NA,NA,NA,NA,NA,NA,NA,wet,NA,NA,2019-05-31T18:15:00Z
9,5.045,WestLeech,Grab,FP0603,NA,DOC,NA,NA,NA,NA,NA,NA,NA,NA,NA,NA,NA,wet,NA,NA,2019-05-31T19:15:00Z
9,5.988,Tunnel,Grab,FP0603,NA,DOC,NA,NA,NA,NA,NA,NA,NA,NA,NA,NA,NA,wet,NA,NA,2019-05-31T20:15:00Z
9,1.004,Lab,QA-QC,RO,NA,DOC,NA,NA,NA,NA,NA,NA,NA,NA,NA,NA,NA,wet,NA,NA,NA
0,NA,Lab,Cal,0 ppm,NA,NA,0,0,1.3803333333333334,1.1923333333333335,2.9086666666666665,0.096,3.3226,3.4300333333333333,0.9333,1.0242590961934703,3.675166970248937,SCAN QA-QC,NA,NA,NA
0,NA,Lab,Cal,8.1295 ppm,NA,NA,0,1.7,7.351666666666667,7.083,17.276,0.09433333333333334,17.64528333333333,24.408633333333334,0.9105,0.8948584063536886,26.807944352919645,SCAN QA-QC,NA,NA,NA
0,NA,Lab,Cal,9.5867 ppm,NA,NA,0,1.712,8.611,8.338,20.336666666666666,0.098,20.669866666666667,28.8398,0.9011,0.8856863064902925,32.00510487182333,SCAN QA-QC,NA,NA,NA
0,NA,Lab,Cal,12.0184 ppm,NA,NA,0,NaN,10.308333333333334,10.045,24.5,0.10666666666666666,24.734183333333334,34.7314,0.8869666666666667,0.8804113023423075,39.15750310045473,SCAN QA-QC,NA,NA,NA
14,NA,Jarvis-lake,Grab,Secchi,NA,NA,0,0,3.7830000000000004,3.217,7.8454999999999995,0.16399999999999998,9.1146,9.3903,2.03335,1.0016887440703526,4.618142474242014,dry,NA,NA,NA
14,NA,Jarvis-lake,Grab,Secchi-1m,NA,NA,0,0,3.6265,3.1494999999999997,7.6815,0.14650000000000002,8.737075,8.998850000000001,1.787,1.0025889794710274,5.0357302742025745,dry,NA,NA,NA
14,NA,Jarvis-lake,Grab,Surface,NA,NA,0,0,3.54,3.122,7.614,0.157,8.528375,8.77005,1.7373500000000002,1.0029320243387174,5.047946585316717,dry,NA,NA,NA
14,NA,Weeks-lake,Grab,Secchi,NA,NA,0,0.025500000000000002,6.205500000000001,5.354,13.059000000000001,0.23299999999999998,14.908325,15.35435,3.03585,1.0012662014538363,5.057677421479981,dry,NA,NA,NA
14,NA,Weeks-lake,Grab,Secchi-1m,NA,NA,0,0.027000000000000003,6.1485,5.2940000000000005,12.911999999999999,0.222,14.781324999999999,15.216750000000001,3.0036500000000004,1.0010950371721834,5.066086261714913,dry,NA,NA,NA
14,NA,Weeks-lake,Grab,Surface,NA,NA,0,0.024499999999999997,6.009,5.271,12.856,0.22899999999999998,14.4427,14.85855,2.81485,1.001657707990878,5.278629411869193,dry,NA,NA,NA
14,NA,Weeks-lake,Grab,Secchi+1m,NA,NA,0,0.055499999999999994,7.535,6.1695,15.0475,0.2925,18.086100000000002,18.688200000000002,4.409599999999999,1.0005430737461611,4.238071480406387,dry,NA,NA,NA
12,NA,NA,NA,NA,NA,NA,0,0.013370370370370371,3.6432592592592594,3.051740740740741,7.443481481481482,0.17855555555555555,8.764401851851852,9.081033333333334,2.1453814814814813,1.0019380031108422,4.232829178269254,dry,NA,NA,NA
13,NA,Weeks-out_aboveseep,Grab,Grab,NA,NA,0,0.4453333333333333,13.338,10.04,24.487000000000002,0.5226666666666667,31.968649999999997,33.25953333333334,9.2503,1.0003515605896172,3.5955086141350376,dry,NA,NA,2019-07-24T22:00:00Z
13,NA,Weeks-out_seep,Grab,Grab,NA,NA,1.943,0.37033333333333335,13.499666666666666,9.739666666666666,23.754666666666665,0.5106666666666667,32.32588333333334,33.59766666666667,9.955033333333333,NA,3.3749426588225058,dry,NA,NA,2019-07-24T22:30:00Z
16,NA,NA,NA,NA,NA,NA,0,0.141,6.992,5.969,14.558,0.266,16.81375,17.488,3.6145,1.0001847265198858,4.838290219947433,dry,NA,NA,NA
17,NA,Lab,QA-QC,Cal-ver3_,NA,NA,0,1.272,5.635,5.395,13.158,0.105,20.73435,21.483,4.7128,1.000210388831032,4.558436598200646,wet,NA,NA,NA
2,NA,Lab,QA-QC,CAL-VER_5.73ppm,NA,NA,0,1.539,6.54,6.133,NaN,NaN,39.1058,40.7677,9.3891,1.0001413365099725,4.342024262176354,wet,NaN,NA,NA
2,NA,Weeks-Lk-NE,Grab,Grab,NA,NA,0,0.035,5.71,4.642,NaN,NaN,19.24145,19.8849,4.5885,1.0007584763971722,4.333638443935927,wet,NaN,NA,NA
20,NA,Weeks,Rack,L1,72,NA,0,0.777,18.983,15.242,37.176,0.605,45.29645,47.6884,10.767,0.9998732328693835,4.429126033249745,wet,NA,NA,NA
23,NA,Leech-dwnstrm-confl,Grab,Grab,NA,NA,0,0,5.16,4.262,10.395,0.196,12.40935,12.8673,3.0257,1.0009736975861137,4.252668803913144,wet,NA,NA,2020-02-08T19:10:00Z
3,NA,Lab,QA-QC,RO,NA,NA,0,0,2.045,1.617,NaN,NaN,4.9154,5.0391,1.4992,1.0070856658200922,3.361192636072572,wet,NaN,NA,NA
3,NA,NA,NA,NA,NA,NA,0,0,1.71,1.296,NaN,NaN,4.10785,4.2129,1.3298,1.0086621173537487,3.168070386524289,wet,NaN,NA,NA
7,NA,Lab,QA-QC,CAL-VER_A1_5.614ppm,NA,NA,0,1.128,5.41,5.25,NaN,NaN,12.948350000000001,17.7079,0.8819,0.8770904987903464,20.079260687152736,wet,NaN,NA,NA
7,NA,Lab,QA-QC,CAL-VER_A2_5.319ppm,NA,NA,0,1.237,5.504,5.233,NaN,NaN,13.162700000000001,18.0294,0.9135,0.8735875492629696,19.736617405582923,wet,NaN,NA,NA
7,NA,Lab,QA-QC,CAL-VER_B1_5.083ppm,NA,NA,0,1.242,4.992,4.813,NaN,NaN,11.99805,16.1068,0.8516,0.9190546769942255,18.913574448097698,wet,NaN,NA,NA
7,NA,Lab,QA-QC,CAL-VER_B2_5.346ppm,NA,NA,0,1.286,5.356,5.2,NaN,NaN,12.88665,17.3546,0.937,0.914115398515167,18.52145144076841,wet,NaN,NA,NA
