trip,site,sample_type,sample,dt_sampled,fillStage_cm,Turbid.FTUeq,NO3.Neq_ppm,TOCeq_ppm,DOCeq_ppm,SAC254_Abs.m,SAC436_Abs.m
0,Lab,Cal,0 ppm,NA,NA,0,0,1.3803333333333334,1.1923333333333335,2.9086666666666665,0.096
0,Lab,Cal,8.1295 ppm,NA,NA,0,1.7,7.351666666666667,7.083,17.276,0.09433333333333334
0,Lab,Cal,9.5867 ppm,NA,NA,0,1.712,8.611,8.338,20.336666666666666,0.098
0,Lab,Cal,12.0184 ppm,NA,NA,0,NaN,10.308333333333334,10.045,24.5,0.10666666666666666
2,Lab,QA-QC,CAL-VER_5.73ppm,NA,NA,0,1.539,6.54,6.133,NaN,NaN
2,West-Leech,Grab,Grab,2018-11-07T17:00:00Z,NA,0,0.114,8.005,6.598,NaN,NaN
2,West-Leech,Rack,L1,NA,40,0.459,0.67,14.308,11.211,NaN,NaN
2,West-Leech,Rack,L2,NA,45,0.123,0.826,15.399,12.238,NaN,NaN
2,West-Leech,Rack,L3,NA,56,0,0.473,11.979,9.502,NaN,NaN
2,West-Leech,Rack,L4,NA,69,0,0.511,13.344,10.507,NaN,NaN
2,West-Leech,Rack,L5,NA,75,0.955,0.547,13.504,10.544,NaN,NaN
2,Cragg-crk,Grab,Grab,2018-11-06T16:30:00Z,NA,0,0.149,8.044,6.621,NaN,NaN
2,Cragg-crk,Rack,L1,NA,22,0,0.41,7.065,5.588,NaN,NaN
2,Cragg-crk,Rack,L2,NA,35,0,0.696,9.076,7.292,NaN,NaN
2,Cragg-crk,Rack,L3,NA,45,0,0.625,10.915,9.02,NaN,NaN
2,Cragg-crk,Rack,L4,NA,50,0,0.657,11.478,9.407,NaN,NaN
2,Cragg-crk,Rack,L5,NA,75,0,0.53,12.117,9.871,NaN,NaN
2,Leech-head,Grab,Grab,2018-11-06T20:20:00Z,NA,0,0.496,13.972,11.229,NaN,NaN
2,Leech-head,Rack,L1,NA,80,0,0.56,12.67,10.007,NaN,NaN
2,Leech-head,Rack,L2,NA,90,0.344,0.867,13.91,11.038,NaN,NaN
2,Leech-head,Rack,L3,NA,100,0,0.641,13.868,11.084,NaN,NaN
2,Leech-head,Rack,L4,NA,110,0,0.621,13.978,11.256,NaN,NaN
2,Leech-head,Rack,L5,NA,120,0,0.778,15.382,12.267,NaN,NaN
2,Weeks-out,Grab,Grab,2018-11-06T21:55:00Z,NA,0,0.538,16.339,13.075,NaN,NaN
2,Weeks-out,Rack,L1,NA,30,0,0.675,19.923,15.735,NaN,NaN
2,Weeks-out,Rack,L2,NA,35,0,0.634,17.601,13.985,NaN,NaN
2,Weeks-out,Rack,L3,NA,40,0,0.749,15.616,12.323,NaN,NaN
2,Weeks-out,Rack,L4,NA,45,0,0.709,16.803,13.264,NaN,NaN
2,Weeks-out,Rack,L5,NA,50,0,NaN,NaN,NaN,NaN,NaN
2,Chris-crk,Grab,Grab,2018-11-06T17:05:00Z,NA,0,0.027,6.198,5.137,NaN,NaN
2,Chris-crk,Rack,L1,NA,30,0,0.252,8.861,7.147,NaN,NaN
2,Chris-crk,Rack,L2,NA,35,0,0.344,10.014,8.04,NaN,NaN
2,Chris-crk,Rack,L3,NA,45,0,0.521,11.884,9.356,NaN,NaN
2,Chris-crk,Rack,L4,NA,55,0,0.403,10.784,8.635,NaN,NaN
2,Jarvis,Grab,Grab,NA,NA,0,0.62,17.378,13.993,NaN,NaN
2,West-Jordan,Grab,Grab,NA,NA,0,0.006,6.411,5.033,NaN,NaN
2,Leech-downstreamconf,Grab,Grab,NA,NA,0,0.1935,8.789,7.1545000000000005,NaN,NaN
2,Weeks-Lk-NE,Grab,Grab,NA,NA,0,0.035,5.71,4.642,NaN,NaN
2,W.trib-to-Weeks,Grab,Grab,NA,NA,0,NaN,NaN,NaN,NaN,NaN
2,Boneyard,Grab,Grab,NA,NA,0,0.234,9.693,7.859,NaN,NaN
2,Weeks-Gate,Grab,Grab,NA,NA,0,0.538,13.802,11.227,NaN,NaN
2,Weeks-Lk-SE,Grab,Grab,NA,NA,0,0.346,9.889,7.81,NaN,NaN
3,Lab,QA-QC,RO,NA,NA,0,0,2.045,1.617,NaN,NaN
3,West-Leech,Grab,Grab,2019-11-23T20:15:00Z,NA,0,0.388,11.026,8.913,NaN,NaN
3,West-Leech,Rack,L1,NA,40,0,0.25,8.912,7.045,NaN,NaN
3,West-Leech,Rack,L2,NA,48,0,0.424,11.27,8.923,NaN,NaN
3,Tunnel,Grab,Grab,2019-11-23T21:45:00Z,NA,0,0.311,9.729,7.87,NaN,NaN
3,Cragg-crk,Grab,Grab,2019-11-23T19:15:00Z,NA,0,0.261,8.648,7.071,NaN,NaN
3,Cragg-crk,Rack,L1,NA,45,0,0.3,9.253,7.389,NaN,NaN
3,Leech-head,Grab,Grab,2019-11-23T18:00:00Z,NA,0,0.577,13.674,11.014,NaN,NaN
3,Weeks-out,Grab,Grab,2019-11-23T17:15:00Z,NA,0.42,0.965,17.871,14.057,NaN,NaN
3,Chris-crk,Grab,Grab,2019-11-23T16:55:00Z,NA,0,0.205,7.425,6.044,NaN,NaN
3,Chris-crk,Rack,L1,NA,22,0,0.455,10.349,8.244,NaN,NaN
3,Jarvis,Grab,Grab,2019-11-23T16:25:00Z,NA,0,0.607,15.914,12.917,NaN,NaN
3,Boneyard,Grab,Grab,2019-11-23T21:20:00Z,NA,0,0.28,9.588,7.731,NaN,NaN
4,West-Leech,Grab,Grab,2018-12-06T21:30:00Z,25,0,0.026,6.273,5.187,NaN,NaN
4,West-Leech,Rack,L1,NA,50,0,0.226,8.799,7.074,NaN,NaN
4,West-Leech,Rack,L2,NA,60,0,0.568,13.408,10.717,NaN,NaN
4,West-Leech,Rack,L3,NA,71,0,0.432,11.811,9.378,NaN,NaN
4,West-Leech,Rack,L4,NA,80,0,0.456,12.411,9.858,NaN,NaN
4,West-Leech,Rack,L5,NA,90,0,0.478,12.706,10.077,NaN,NaN
4,West-Leech,Rack,L6,NA,105,0,0.422,12.543,9.839,NaN,NaN
4,Tunnel,Grab,Grab,2018-12-06T18:00:00Z,16,0,0.041,6.557,5.383,NaN,NaN
4,Cragg-crk,Grab,Grab,2018-12-07T16:45:00Z,29,0,0.01,6.101,4.983,NaN,NaN
4,Cragg-crk,Rack,L1,NA,53,0,0.323,9.673,7.892,NaN,NaN
4,Cragg-crk,Rack,L2,NA,62,0,0.127,8.379,6.658,NaN,NaN
4,Cragg-crk,Rack,L3,NA,73,6.115,0,7.234,5,NaN,NaN
4,Cragg-crk,Rack,L4,NA,84,8.211,0.065,8.705,6.065,NaN,NaN
4,Cragg-crk,Rack,L5,NA,96,0.816,0.276,9.822,7.709,NaN,NaN
4,Cragg-crk,Rack,L6,NA,110,5.52,0.207,10.247,7.642,NaN,NaN
4,Leech-head,Grab,Grab,2018-12-07T18:30:00Z,109,0,0.339,11.32,9.147,NaN,NaN
4,Leech-head,Rack,L1,NA,122,0,0.519,12.683,10.326,NaN,NaN
4,Leech-head,Rack,L2,NA,129,0,0.504,12.41,9.938,NaN,NaN
4,Leech-head,Rack,L3,NA,133,0,0.391,11.675,9.329,NaN,NaN
4,Leech-head,Rack,L4,NA,140,0,NaN,NaN,NaN,NaN,NaN
4,Leech-head,Rack,L5,NA,150,0,0.542,12.953,10.24,NaN,NaN
4,Leech-head,Rack,L6,NA,162,0,0.537,13.349,10.567,NaN,NaN
4,Leech-head,Rack,L7,NA,171,0,0.622,12.883,10.109,NaN,NaN
4,Weeks-out,Grab,Grab,2018-12-07T20:15:00Z,50,1.94,0.601,16.413,12.67,NaN,NaN
4,Weeks-out,Rack,L1,NA,65,0,0.697,17.656,14.038,NaN,NaN
4,Weeks-out,Rack,L2,NA,72,0,0.542,16.402,13.115,NaN,NaN
4,Weeks-out,Rack,L3,NA,79,0.394,0.592,15.475,12.099,NaN,NaN
4,Weeks-out,Rack,L4,NA,86,0,0.375,10.855,8.287,NaN,NaN
4,Weeks-out,Rack,L5,NA,90,0,0.463,12.184,9.39,NaN,NaN
4,Weeks-out,Rack,L6,NA,95,0,0.734,15.811,12.485,NaN,NaN
4,Weeks-out,Rack,L7,NA,105,0,0.643,15.681,12.377,NaN,NaN
4,Chris-crk,Rack,L1,NA,20,0,0.193,7.512,6.005,NaN,NaN
4,Chris-crk,Rack,L2,NA,27,0,0.182,8.11,6.456,NaN,NaN
4,Chris-crk,Rack,L3,NA,34,0,0.25,8.744,7.059,NaN,NaN
4,Chris-crk,Rack,L4,NA,41,0,0.336,9.649,7.704,NaN,NaN
4,Chris-crk,Rack,L5,NA,48,0,0.32,9.713,7.791,NaN,NaN
4,Chris-crk,Rack,L6,NA,56,0,0.243,8.628,6.837,NaN,NaN
4,Chris-crk,Rack,L7,NA,66,0,0.166,7.944,6.17,NaN,NaN
4,5S-above,Grab,Grab,2018-12-06T16:00:00Z,NA,0,0.444,6.66,5.72,NaN,NaN
4,5S-below,Grab,Grab,2018-12-06T16:00:00Z,NA,0,0.482,6.666,5.748,NaN,NaN
4,Mystery-bottle,Grab,Grab,NA,NA,NaN,NaN,NaN,NaN,NaN,NaN
7,Lab,QA-QC,RO,NA,NA,0,0,1.2926666666666666,1.2323333333333333,NaN,NaN
7,Lab,QA-QC,CAL-VER_A1_5.614ppm,NA,NA,0,1.128,5.41,5.25,NaN,NaN
7,Lab,QA-QC,CAL-VER_A2_5.319ppm,NA,NA,0,1.237,5.504,5.233,NaN,NaN
7,Lab,QA-QC,CAL-VER_B1_5.083ppm,NA,NA,0,1.242,4.992,4.813,NaN,NaN
7,Lab,QA-QC,CAL-VER_B2_5.346ppm,NA,NA,0,1.286,5.356,5.2,NaN,NaN
7,West-Leech,Grab,Grab,2019-04-11T17:45:00Z,30,0,0.104,5.82,4.817,NaN,NaN
7,West-Leech,Rack,L1,NA,32,0,0.14,6.206,4.644,NaN,NaN
7,Tunnel,Grab,R1,2019-04-11T19:30:00Z,23,0,0.041,5.862,4.908,NaN,NaN
7,Tunnel,Grab,R2,2019-04-11T19:30:00Z,23,0,0.054,5.851,4.887,NaN,NaN
7,Tunnel,Grab,R3,2019-04-11T19:30:00Z,23,0,0.032,5.895,4.908,NaN,NaN
7,Cragg-crk,Grab,R1,2019-04-10T22:00:00Z,41,0,0.079,5.266,4.419,NaN,NaN
7,Cragg-crk,Grab,R2,2019-04-10T22:00:00Z,NA,0,0.078,5.239,4.399,NaN,NaN
7,Cragg-crk,Grab,R3,2019-04-10T22:00:00Z,NA,0,0.073,5.218,4.419,NaN,NaN
7,Leech-head,Grab,Grab,2019-04-10T18:15:00Z,118,0,0.254,8.949,7.306,NaN,NaN
7,Weeks-out,Grab,R1,2019-04-10T19:00:00Z,61,0,0.408,12.477,9.967,NaN,NaN
7,Weeks-out,Grab,R2,2019-04-10T19:00:00Z,61,0,0.506,12.54,9.918,NaN,NaN
7,Weeks-out,Grab,R3,2019-04-10T19:00:00Z,61,0,0.522,12.585,10.002,NaN,NaN
7,Chris-crk,Grab,Grab,2019-04-10T20:15:00Z,25,0,0,3.978,3.321,NaN,NaN
9,West-Leech,Grab,FP0531,2019-05-31T19:15:00Z,NA,0,0,3.088,2.633,NaN,NaN
9,Tunnel,Grab,FP0531,2019-05-31T20:15:00Z,NA,0,0,3.064,2.675,NaN,NaN
9,Cragg-crk,Grab,FP0531,2019-05-31T18:15:00Z,NA,0,0,3.079,2.652,NaN,NaN
9,Leech-head,Grab,FP0531,2019-05-31T16:45:00Z,NA,0,0.077,6.341,5.254,NaN,NaN
9,Weeks-out,Grab,FP0531,2019-05-31T17:00:00Z,NA,0,0.611,16.2645,12.927499999999998,NaN,NaN
9,Chris-crk,Grab,FP0531,2019-05-31T17:30:00Z,NA,0,0,4.367,3.648,NaN,NaN
9,Jarvis,Grab,FP0531,2019-05-31T16:00:00Z,NA,0,0.293,10.527,8.853,NaN,NaN
9,Lazar,Grab,FP0531,2019-05-31T15:50:00Z,NA,0,0,3.366,2.857,NaN,NaN
9,Rithet,Grab,FP0531,2019-05-31T15:30:00Z,NA,0,0,4.528,3.576,NaN,NaN
9,Judge-crk,Grab,FP0531,2019-05-31T15:10:00Z,NA,0,0.301,10.403,8.624,NaN,NaN
10,West-Leech,Grab,Grab,2019-06-12T17:30:00Z,NA,0,0,2.5116666666666667,2.146,5.234666666666667,0.12466666666666668
10,Tunnel,Grab,Grab,2019-06-12T18:30:00Z,NA,0,0,2.586,2.205,5.378,0.13033333333333333
10,Cragg-crk,Grab,Grab,2019-06-12T19:15:00Z,NA,0,0,2.5549999999999997,2.257,5.504333333333333,0.137
10,Leech-head,Grab,Grab,2019-06-12T20:15:00Z,NA,0,0,3.8516666666666666,3.2796666666666665,7.999333333333333,0.18666666666666668
10,Weeks-out,Grab,Grab,2019-06-12T21:45:00Z,NA,0,0.562,14.369,11.367999999999999,27.7265,0.484
10,Chris-crk,Grab,Grab,2019-06-12T22:00:00Z,NA,0,0,3.094666666666667,2.6936666666666667,6.570333333333333,0.16133333333333333
10,Jarvis,Grab,Grab,2019-06-12T22:20:00Z,NA,0,0.11366666666666667,8.23,6.860333333333333,16.733,0.29066666666666663
10,Lazar,Grab,Grab,2019-06-12T20:35:00Z,NA,0,0,2.965,2.562333333333333,6.249333333333333,0.158
10,Rithet,Grab,Grab,2019-06-12T23:00:00Z,NA,0,0,3.7616666666666667,3.113,7.593,0.18966666666666665
11,West-Leech,Grab,Grab,2019-06-28T17:30:00Z,NA,0,0,2.493333333333333,2.131666666666667,5.199,0.14133333333333334
11,Tunnel,Grab,Grab,2019-06-28T18:45:00Z,NA,0,0,2.5166666666666666,2.124833333333333,5.182333333333333,0.152
11,Cragg-crk,Grab,Grab,2019-06-28T19:30:00Z,NA,0,0,2.4313333333333333,2.121,5.172666666666666,0.145
11,Leech-head,Grab,Grab,2019-06-28T20:30:00Z,NA,0,0,3.667333333333333,3.1046666666666667,7.572666666666667,0.18533333333333332
11,Weeks-out,Grab,Grab,2019-06-28T20:45:00Z,NA,0.104,0.482,13.668333333333333,10.386,25.332,0.5023333333333333
11,Chris-crk,Grab,Grab,2019-06-28T21:20:00Z,NA,0,0,3.8213333333333335,3.344333333333333,8.157666666666668,0.20299999999999999
11,Jarvis,Grab,Grab,2019-06-28T22:10:00Z,NA,0,0.07666666666666667,7.185666666666666,6.030666666666667,14.709,0.2743333333333333
11,Lazar,Grab,Grab,2019-06-28T22:40:00Z,NA,0,0,2.8866666666666667,2.409,5.875666666666667,0.16766666666666666
11,Rithet,Grab,Grab,2019-06-28T23:15:00Z,NA,0,0,4.7523333333333335,3.8633333333333333,9.423333333333334,0.21533333333333332
11,Deception-res,Grab,Grab,2019-06-28T16:45:00Z,NA,0,0,4.69,3.779333333333333,9.218,0.19833333333333333
11,Weeks-Lake,Grab,Grab,2019-06-28T21:15:00Z,NA,0,0.13466666666666666,7.842,6.443,15.714333333333332,0.2733333333333334
11,Worley-Lake,Grab,Grab,2019-06-28T21:50:00Z,NA,0,0,4.303,3.705,9.036333333333333,0.18266666666666667
11,Jarvis-Lake,Grab,Grab,2019-06-28T22:30:00Z,NA,0,0,4.529333333333334,3.9176666666666664,9.555333333333333,0.17966666666666667
13,Cragg-crk,Grab,Grab,2019-07-24T21:00:00Z,NA,0,0,2.1443333333333334,1.9236666666666666,4.692,0.14133333333333334
13,Leech-head,Grab,Grab,2019-07-24T19:50:00Z,NA,0,0,3.342,2.8853333333333335,7.0376666666666665,0.179
13,Weeks-out,Grab,Grab,2019-07-24T19:30:00Z,NA,0,0.3666666666666667,11.035666666666666,8.541,20.832,0.425
13,Chris-crk,Grab,Grab,2019-07-24T18:15:00Z,NA,0,0,2.679333333333333,2.328,5.678,0.138
13,Jarvis,Grab,Grab,2019-07-24T17:35:00Z,NA,0,0.02,6.476,5.437666666666667,13.263,0.24
13,Lazar,Grab,Grab,2019-07-24T17:20:00Z,NA,0,0,2.405,2.126,5.185,0.14066666666666666
13,Rithet,Grab,Grab,2019-07-24T17:00:00Z,NA,0,0,4.305666666666667,3.506666666666667,8.552333333333333,0.19233333333333333
13,Deception-res,Lake,0m,2019-07-25T17:30:00Z,NA,0,0,4.415,3.8146666666666667,9.303666666666667,0.19
13,Weeks-Lake,Lake,Bottom,2019-07-26T18:00:00Z,NA,0,0.063,7.086,5.93,14.464,0.267
13,Weeks-Lake,Lake,Secchi+1,2019-07-26T18:00:00Z,NA,0,0.051333333333333335,6.765,5.810333333333333,14.172,0.2583333333333333
13,Jarvis-Lake,Lake,mid,2019-07-25T20:45:00Z,NA,0,0,3.713,3.3486666666666665,8.166333333333334,0.15566666666666668
13,Weeks-out_aboveseep,Grab,Grab,2019-07-24T22:00:00Z,NA,0,0.4453333333333333,13.338,10.04,24.487000000000002,0.5226666666666667
13,Weeks-out_seep,Grab,Grab,2019-07-24T22:30:00Z,NA,1.943,0.37033333333333335,13.499666666666666,9.739666666666666,23.754666666666665,0.5106666666666667
14,Jarvis-lake,Grab,Secchi,NA,NA,0,0,3.7830000000000004,3.217,7.8454999999999995,0.16399999999999998
14,Jarvis-lake,Grab,Secchi-1m,NA,NA,0,0,3.6265,3.1494999999999997,7.6815,0.14650000000000002
14,Jarvis-lake,Grab,Surface,NA,NA,0,0,3.54,3.122,7.614,0.157
14,Weeks-lake,Grab,Secchi,NA,NA,0,0.025500000000000002,6.205500000000001,5.354,13.059000000000001,0.23299999999999998
14,Weeks-lake,Grab,Secchi-1m,NA,NA,0,0.027000000000000003,6.1485,5.2940000000000005,12.911999999999999,0.222
14,Weeks-lake,Grab,Surface,NA,NA,0,0.024499999999999997,6.009,5.271,12.856,0.22899999999999998
14,Weeks-lake,Grab,Secchi+1m,NA,NA,0,0.055499999999999994,7.535,6.1695,15.0475,0.2925
15,West-Leech,Grab,Grab,2019-09-20T21:30:00Z,NA,0,0.4206666666666667,9.734333333333334,8.292333333333334,20.224666666666668,0.324
15,West-Leech,Rack,L1,NA,26,0.14466666666666667,0.579,10.347333333333333,8.443333333333333,20.592666666666666,0.349
15,Tunnel,Grab,Grab,2019-09-20T22:30:00Z,NA,0,0.44133333333333336,7.310666666666666,6.294333333333333,15.352,0.283
15,Cragg-crk,Grab,Grab,2019-09-20T17:10:00Z,NA,0,0.39333333333333337,4.029333333333334,3.5803333333333334,8.733,0.17133333333333334
15,Weeks-out,Grab,Grab,2019-09-20T19:10:00Z,NA,0,0.7583333333333333,15.641333333333334,12.443333333333333,30.349,0.498
15,Weeks-out,Rack,L1,NA,28,7.440666666666667,0.4033333333333333,14.898333333333333,9.632666666666667,23.494333333333334,0.5136666666666667
15,Chris-crk,Grab,Grab,2019-09-20T18:25:00Z,NA,0,0.117,6.358333333333333,5.5423333333333336,13.518333333333333,0.24433333333333335
16,West-Leech,Grab,Grab,2019-10-12T16:00:00Z,18,0,0.183,7.966666666666667,6.827,16.651,0.28200000000000003
16,West-Leech,Rack,L1,NA,23,2.037,0.388,12.371333333333334,9.612,23.443666666666665,0.423
16,Tunnel,Grab,Grab,2019-10-12T18:30:00Z,0,0,0.142,7.173,6.091333333333333,14.857,0.26366666666666666
16,Tunnel,QA-QC,HoldTime-A1,2019-10-12T18:30:00Z,NA,0,0.12766666666666668,6.971333333333333,5.982666666666667,14.591666666666667,0.267
16,Tunnel,QA-QC,HoldTime-A2,2019-10-12T18:30:00Z,NA,0,0.13699999999999998,7.013,5.981333333333334,14.588666666666667,0.258
16,Tunnel,QA-QC,HoldTime-A3,2019-10-12T18:30:00Z,NA,0,0.12633333333333335,7.025,5.980333333333333,14.586333333333334,0.26333333333333336
16,Tunnel,QA-QC,HoldTime-A4,2019-10-12T18:30:00Z,NA,0,0.12933333333333333,6.999,5.985666666666667,14.599333333333334,0.26933333333333337
16,Tunnel,QA-QC,HoldTime-A5,2019-10-12T18:30:00Z,NA,0,0.13533333333333333,7.0183333333333335,5.973333333333334,14.569666666666667,0.26466666666666666
16,Cragg-crk,Grab,Grab,2019-10-12T17:00:00Z,15,0,0.06366666666666666,5.535333333333333,4.859999999999999,11.853,0.213
16,Leech-head,Grab,Grab,2019-10-12T18:45:00Z,95,0,0.45166666666666666,12.230666666666666,10.256666666666668,25.016666666666666,0.412
16,Leech-head,Rack,L1,NA,88,0,0.03833333333333333,4.548666666666667,3.6266666666666665,8.845333333333333,0.22833333333333333
16,Weeks-out,Grab,Grab,2019-10-12T21:30:00Z,40,0.13933333333333334,NaN,21.651333333333334,17.329,42.266666666666666,0.6613333333333333
16,Weeks-out,Rack,L1,NA,31,0.059666666666666666,0.6666666666666666,19.606333333333332,15.837333333333333,38.62733333333333,0.605
16,Chris-crk,Grab,Grab,2019-10-12T23:00:00Z,NA,0,0,5.1593333333333335,4.4976666666666665,10.970666666666666,0.21466666666666667
16,Jarvis,Grab,Grab,2019-10-12T16:30:00Z,NA,0,NaN,20.332,17.081333333333333,41.66166666666667,0.622
16,Lazar,Grab,Grab,2019-10-12T16:00:00Z,NA,0,0.05766666666666667,5.262,4.611,11.245666666666667,0.21666666666666667
16,West-Jordan,Grab,Grab,2019-10-12T22:00:00Z,NA,1.359,0.08533333333333333,5.099,3.965,9.671000000000001,0.19466666666666668
17,Lab,QA-QC,Cal-ver3_,NA,NA,0,1.272,5.635,5.395,13.158,0.105
17,West-Leech,Grab,Grab,2019-10-24T18:25:00Z,32,0,0.092,7.541,6.293,15.349,0.259
17,West-Leech,Grab,Grab,2019-11-23T16:45:00Z,38,0,0.108,8.087,6.85,16.708,0.299
17,West-Leech,Rack,L1,NA,23,0,0.238,9.715,8.048,19.628,0.356
17,West-Leech,Rack,L2,NA,36,0.297,0.807,17.253,14.162,34.541,0.561
17,West-Leech,Rack,L3,NA,53,0.711,0.768,16.89,13.733,33.494,0.535
17,West-Leech,Rack,L4,NA,71,0.903,0.431,12.157,9.744,23.766,0.393
17,Tunnel,Grab,Grab,2019-10-24T19:11:00Z,34,0,0.168,8.627,7.283,17.762,0.332
17,Tunnel,Rack,L1,NA,0,0,0.109,7.577,6.219,15.169,0.291
17,Tunnel,Rack,L2,NA,6,0,0.181,8.652,7.06,17.219,0.339
17,Tunnel,Rack,L3,NA,19,0,0.567,13.351,11.04,26.926,0.457
17,Tunnel,Rack,L4,NA,39,0,0.607,13.618,11.272,27.492,0.465
17,Tunnel,Rack,L5,NA,56,3.023,0.749,14.997,11.919,29.072,0.459
17,Tunnel,Rack,L6,NA,71,0,0.371,10.766,8.783,21.421,0.365
17,Tunnel,QA-QC,HoldTime-A6,2019-10-12T18:30:00Z,NA,NA,NA,NA,NA,NA,NA
17,Tunnel,QA-QC,HoldTime-A6,2019-11-23T18:12:00Z,NA,0,0.115,7.015,5.982,14.59,0.266
17,Tunnel,QA-QC,HoldTime-B1,2019-10-12T08:00:00Z,NA,0,0.222,9.35,7.806,19.04,0.333
17,Tunnel,QA-QC,HoldTime-B2,2019-10-12T08:00:00Z,NA,0,0.214,9.282,7.873,19.203,0.358
17,Tunnel,QA-QC,HoldTime-B3,2019-10-12T08:00:00Z,NA,0,0.206,9.302,7.838,19.117,0.337
17,Tunnel,QA-QC,HoldTime-B4,2019-10-12T08:00:00Z,NA,0,0.202,9.403,7.877,19.213,0.343
17,Tunnel,QA-QC,HoldTime-B5,2019-10-12T08:00:00Z,NA,0,0.201,9.35,7.84,19.123,0.347
17,Tunnel,QA-QC,HoldTime-A7,2019-11-23T18:12:00Z,NA,0,0.11,6.894,5.922,14.444,0.267
17,Tunnel,QA-QC,HoldTime-A8,2019-11-23T18:12:00Z,NA,0,0.114,6.986,5.981,14.588,0.264
17,Tunnel,QA-QC,HoldTime-A9,2019-11-23T18:12:00Z,NA,0,0.111,6.964,5.968,14.556,0.272
17,Tunnel,QA-QC,HoldTime-A10,2019-11-23T18:12:00Z,NA,0,0.113,6.964,5.918,14.433,0.258
17,Cragg-crk,Grab,Grab,2019-10-23T19:25:00Z,52,0,0.165,8.684,7.426,18.112,0.318
17,Cragg-crk,Grab,Grab,2019-10-24T17:30:00Z,43,0,0.146,8.004,6.748,16.457,0.269
17,Cragg-crk,Rack,L1,NA,25,0,0.157,6.596,5.559,13.559,0.224
17,Cragg-crk,Rack,L2,NA,43,0,0.597,11.078,9.383,22.886,0.36
17,Cragg-crk,Rack,L3,NA,65,0,0.486,12.03,10.198,24.873,0.375
17,Leech-head,Grab,Grab,2019-10-23T20:35:00Z,137,0,0.607,14.281,11.575,28.232,0.47
17,Leech-head,Grab,Grab,2019-10-24T16:15:00Z,125,0,0.5,13.428,10.945,26.694,0.44
17,Leech-head,Rack,L1,NA,98,0,0.526,12.899,10.487,25.577,0.409
17,Leech-head,Rack,L2,NA,117,0.723,1.009,17.429,14.17,34.56,0.544
17,Leech-head,Rack,L3,NA,131,0.396,0.847,17.78,14.338,34.972,0.574
17,Weeks-out,Grab,Grab,2019-10-23T21:15:00Z,84,0,0.683,18.114,14.536,35.454,0.552
17,Weeks-out,Grab,Grab,2019-10-24T16:54:00Z,NA,0,0.824,17.53,14.115,34.426,0.548
17,Weeks-out,Rack,L1,NA,43,1.803,NaN,NaN,NaN,NaN,0.849
17,Weeks-out,Rack,L2,NA,58,1.365,NaN,NaN,NaN,NaN,0.863
17,Weeks-out,Rack,L3,NA,71,1.517,NaN,NaN,NaN,NaN,0.839
17,Chris-crk,Grab,Grab,2019-10-23T22:10:00Z,28,0,0,5.411,4.677,11.408,0.214
17,Chris-crk,Grab,Grab,2019-10-24T17:01:00Z,26,0,0,5.199,4.511,11.003,0.223
17,Chris-crk,Rack,L1,NA,28,0,0.435,10.522,8.81,21.487,0.351
17,Chris-crk,Rack,L2,NA,38,0,0.753,15.197,12.594,30.717,0.467
17,Jarvis,Grab,Grab,2019-10-23T18:00:00Z,NA,0,0.558,20.309,16.661,40.636,0.689
17,Lazar,Grab,Grab,2019-10-23T17:00:00Z,NA,0,0.315,10.462,8.884,21.669,0.369
17,Rithet,Grab,Grab,2019-10-23T16:00:00Z,NA,0,0.17,6.326,5.397,13.162,0.245
18,West-Leech,Grab,Grab,2019-11-13T18:10:00Z,20,0,0.205,7.816,6.535,15.94,0.309
18,Tunnel,Grab,Treatability,2019-11-12T19:30:00Z,0,0,0.014,5.2265,4.541,11.0755,0.2385
18,Tunnel,Grab,R1,2019-11-13T22:00:00Z,NA,0,0.033,6.008,5.027,12.262,0.253
18,Tunnel,Grab,R2,2019-11-13T22:00:00Z,NA,0,0.088,6.601,5.511,13.443,0.272
18,Tunnel,Grab,R3,2019-11-13T22:00:00Z,NA,0,0.069,6.536,5.528,13.484,0.276
18,Tunnel,Grab,R4,2019-11-13T22:00:00Z,NA,0,0.077,6.578,5.531,13.491,0.269
18,Tunnel,Grab,R5,2019-11-13T22:00:00Z,NA,0,0.086,6.56,5.505,13.427,0.262
18,Tunnel,QA-QC,HoldTime-B6,2019-10-23T08:00:00Z,NA,0,0.058,6.023,4.969,12.119,0.251
18,Tunnel,QA-QC,HoldTime-B7,2019-10-23T08:00:00Z,NA,0,0.223,9.216,7.706,18.795,0.303
18,Tunnel,QA-QC,HoldTime-B8,2019-10-23T08:00:00Z,NA,0,0.212,9.21,7.761,18.928,0.331
18,Tunnel,QA-QC,HoldTime-B9,2019-10-23T08:00:00Z,NA,0,0.218,9.319,7.877,19.211,0.343
18,Tunnel,QA-QC,HoldTime-B10,2019-10-23T08:00:00Z,NA,0,0.215,9.205,7.817,19.066,0.348
18,Tunnel,QA-QC,HoldTime-C1,2019-11-12T08:00:00Z,NA,0,0.218,9.225,7.736,18.869,0.332
18,Tunnel,QA-QC,HoldTime-C2,2019-11-12T08:00:00Z,NA,0,0.046,5.97,5.024,12.254,0.265
18,Tunnel,QA-QC,HoldTime-C3,2019-11-12T08:00:00Z,NA,0,0.023,5.983,5.017,12.238,0.265
18,Tunnel,QA-QC,HoldTime-C4,2019-11-12T08:00:00Z,NA,0,0.029,5.917,4.99,12.171,0.255
18,Tunnel,QA-QC,HoldTime-C5,2019-11-12T08:00:00Z,NA,0,0.049,5.884,4.956,12.087,0.259
18,Cragg-crk,Grab,Grab,2019-11-13T23:30:00Z,17,0,0.0105,4.7620000000000005,4.0975,9.993500000000001,0.20400000000000001
18,Cragg-crk,Grab,Grab,2019-11-14T21:00:00Z,NA,0,0,4.653,4.084,9.96,0.202
18,Cragg-crk,Grab,Algae,2019-11-13T08:00:00Z,NA,0,0.391,11.856,9.841,24.003,0.414
18,Leech-head,Grab,Grab,2019-11-14T17:00:00Z,99,0,0.405,11.889,9.828,23.972,0.403
18,Weeks-out,Grab,Grab,2019-11-14T18:00:00Z,43,0,0.751,18.829,15.2,37.073,0.601
18,Chris-crk,Grab,Grab,2019-11-14T18:30:00Z,21,0,0,4.53,3.913,9.543,0.201
18,Lazar,Grab,Grab,2019-11-14T19:00:00Z,NA,0,0.123,5.951,5.138,12.531,0.204
18,Rithet,Grab,Grab,2019-11-14T08:00:00Z,NA,0,0.07,4.542,3.939,9.607,0.211
18,Rithet,Grab,Treatability,2019-11-12T22:00:00Z,NA,0,0,4.0135000000000005,3.4139999999999997,8.327,0.20650000000000002
18,Deception-res,Grab,Treatability,2019-11-12T18:00:00Z,NA,0,0,4.479,3.7969999999999997,9.261,0.20500000000000002
18,Leech-downstreamconf,Grab,Grab,2019-11-13T18:20:00Z,NA,0,0.147,6.91,5.81,14.171,0.275
18,Survey-East,Grab,Grab,2019-11-14T19:30:00Z,NA,0,0,3.842,3.356,8.185,0.154
18,Judge-crk,Grab,Treatability,2019-11-12T23:00:00Z,NA,0,0.32925,10.076,8.441,20.587500000000002,0.3695
18,Deception-crk,Grab,Grab,2019-11-12T18:30:00Z,NA,0,0,3.593,3.156,7.698,0.195
19,West-Leech,Grab,Grab,2019-11-22T16:45:00Z,28,0,0.06,6.559,5.691,13.879,0.28
19,West-Leech,Rack,L1,NA,27,0,0.214,8.33,6.959,16.973,0.33
19,West-Leech,Rack,L2,NA,47,0,0.572,12.252,9.935,24.232,0.447
19,West-Leech,Rack,L3,NA,67,0,0.84,15.764,12.783,31.178,0.541
19,West-Leech,Rack,L4,NA,84,1.279,0.721,16.016,12.68,30.927,0.514
19,Tunnel,Grab,Grab,2019-11-22T18:00:00Z,23,0,0.136,7.503,6.382,15.565,0.286
19,Tunnel,Rack,L1,NA,19,0,0.505,11.777,9.723,23.716,0.411
19,Tunnel,Rack,L2,NA,35,0,0.372,9.951,8.104,19.766,0.379
19,Tunnel,Rack,L3,NA,54,0,0.518,11.766,9.573,23.348,0.441
19,Tunnel,Rack,L4,NA,70,0,0.669,13.811,11.165,27.232,0.482
19,Tunnel,Rack,L5,NA,86,2.353,0.673,14.465,11.447,27.92,0.482
19,Cragg-crk,Grab,Grab,2019-11-22T19:00:00Z,37,0,0.069,6.527,5.708,13.921,0.257
19,Cragg-crk,Rack,L1,NA,24,0,0.084,5.752,4.975,12.135,0.228
19,Cragg-crk,Rack,L2,NA,41,0,0.364,8.25,6.99,17.049,0.288
19,Cragg-crk,Rack,L3,NA,60,0,0.635,11.603,9.773,23.835,0.394
19,Leech-head,Grab,Grab,2019-11-22T19:50:00Z,115,0,0.411,12.515,10.331,25.197,0.427
19,Leech-head,Rack,L1,NA,105,0,0.524,13.799,11.194,27.303,0.458
19,Leech-head,Rack,L2,NA,117,0,0.711,14.425,11.904,29.034,0.489
19,Weeks-out,Grab,Grab,2019-11-22T20:30:00Z,NA,0,0.709,17.379,14.069,34.314,0.573
19,Weeks-out,Rack,L1,NA,49,0,0.791,19.438,15.792,38.516,0.641
19,Weeks-out,Rack,L2,NA,63,0,0.766,19.096,15.286,37.283,0.595
19,Weeks-out,Rack,L3,NA,79,0,0.77,20.276,16.324,39.816,0.642
19,Chris-crk,Grab,Grab,2019-11-22T21:00:00Z,25,0,0,4.403,3.87,9.439,0.187
19,Chris-crk,Rack,L1,NA,28,0,0.393,9.58,7.981,19.466,0.347
19,Chris-crk,Rack,L2,NA,37,0,0.577,11.714,9.632,23.493,0.389
19,Jarvis,Grab,Grab,2019-11-22T22:00:00Z,NA,0,0.775,17.302,14.257,34.773,0.585
19,Lazar,Grab,Grab,2019-11-22T21:30:00Z,NA,0,0.18,8.116,6.963,16.984,0.3
19,Rithet,Grab,Grab,2019-11-22T22:30:00Z,NA,0,0.022,4.225,3.704,9.035,0.179
20,West-Leech,Grab,Grab,2019-12-16T17:45:00Z,32,0,0.02,5.857,4.984,12.157,0.242
20,West-Leech,Rack,L1,NA,34,0,0.092,7.274,5.957,14.53,0.295
20,West-Leech,Rack,L2,NA,50,0,0.257,9.17,7.428,18.118,0.352
20,Tunnel,Grab,Grab,2019-12-13T18:25:00Z,NA,0,0.271,9.38,7.797,19.016,0.339
20,Tunnel,Grab,Grab,2019-12-13T22:45:00Z,NA,0,0.243,9.065,7.551,18.416,0.321
20,Tunnel,Grab,Grab,2019-12-16T19:00:00Z,36,0,0.103,7.059,5.911,14.418,0.275
20,Tunnel,Grab,Grab,2019-12-18T18:30:00Z,34,0,0.079,6.656,5.615,13.696,0.271
20,Tunnel,Rack,L1,NA,33,0,0.106,7.266,5.962,14.542,0.294
20,Tunnel,Rack,L2,NA,53,0,0.409,10.085,8.36,20.39,0.388
20,Tunnel,Rack,L3,NA,69,0,0.41,10.608,8.713,21.251,0.37
20,Tunnel,QA-QC,HoldTime-C6,2019-11-12T08:00:00Z,NA,0,0.008,5.574,4.539,11.07,0.225
20,Tunnel,QA-QC,HoldTime-C7,2019-11-12T08:00:00Z,NA,0,0,3.946,3.187,7.773,0.196
20,Tunnel,QA-QC,HoldTime-C8,2019-11-12T08:00:00Z,NA,0,0,3.686,2.987,7.285,0.198
20,Tunnel,QA-QC,HoldTime-C9,2019-11-12T08:00:00Z,NA,0,0,5.761,4.676,11.404,0.264
20,Tunnel,QA-QC,HoldTime-C10,2019-11-12T08:00:00Z,NA,0,0,3.536,2.872,7.005,0.188
20,Cragg-crk,Grab,Grab,2019-12-16T20:00:00Z,43,0,0.046,6.425,5.571,13.589,0.26
20,Cragg-crk,Grab,Grab,2019-12-17T22:00:00Z,NA,0,0.008,6.173,5.362,13.078,0.255
20,Cragg-crk,Rack,L1,NA,43,0,0.14,7.492,6.398,15.606,0.291
20,Cragg-crk,Rack,L2,NA,59,0,0.369,9.676,8.148,19.873,0.362
20,Cragg-crk,Rack,L3,NA,75,0,0.42,10.587,8.791,21.442,0.368
20,Leech-head,Grab,Grab,2019-12-16T21:00:00Z,124,0,0.388,11.668,9.477,23.114,0.406
20,Leech-head,Grab,Grab,2019-12-17T20:00:00Z,NA,0,0.395,11.212,9.119,22.242,0.368
20,Leech-head,Rack,L1,NA,122,0,0.584,12.747,10.458,25.508,0.435
20,Leech-head,Rack,L2,NA,139,0,0.58,12.561,10.306,25.138,0.427
20,Weeks-out,Grab,Grab,2019-12-16T21:20:00Z,79,0,0.504,15.284,12.322,30.053,0.503
20,Weeks-out,Grab,Grab,2019-12-17T18:00:00Z,NA,0,0.468,15.031,12.146,29.624,0.498
20,Weeks-out,Rack,L1,NA,72,0,0.777,18.983,15.242,37.176,0.605
20,Weeks-out,Rack,L2,NA,79,0.002,0.722,18.191,14.524,35.425,0.583
20,Weeks-out,Rack,L3,NA,97,0.045,0.843,17.202,13.818,33.702,0.562
20,Chris-crk,Grab,Grab,2019-12-16T21:35:00Z,27,0,0,4.528,3.888,9.482,0.191
20,Chris-crk,Grab,Grab,2019-12-17T19:45:00Z,26,0,0,4.447,3.781,9.223,0.174
20,Chris-crk,Rack,L1,NA,26,0,0.31,8.761,7.266,17.721,0.316
20,Chris-crk,Rack,L2,NA,36,0,0.187,8.031,6.76,16.489,0.305
20,Jarvis,Grab,Grab,2019-12-17T08:00:00Z,NA,0,0.414,13.73,11.273,27.496,0.487
20,Lazar,Grab,Grab,2019-12-17T08:00:00Z,NA,0,0.134,7.844,6.703,16.348,0.305
20,Rithet,Grab,Grab,2019-12-17T08:00:00Z,NA,0,0,4.306,3.749,9.143,0.191
20,Judge-crk,Grab,Grab,2019-12-17T08:00:00Z,NA,0,0.151,7.826,6.655,16.233,0.307
20,Deception-crk,Grab,Grab,2019-12-13T17:00:00Z,NA,0,0.268,6.991,6.024,14.694,0.273
21,Cragg-crk,Grab,Grab,2019-12-19T20:00:00Z,63,0,0.158,7.91,6.786,16.552,0.321
21,Cragg-crk,Rack,L1,NA,45,0,0.066,6.469,5.517,13.457,0.247
21,Cragg-crk,Rack,L2,NA,63,0,0.205,8.443,7.033,17.153,0.308
22,Lab,QA-QC,RO,NA,NA,0,0,1.13225,1.097,2.6755,0.10625
22,Lab,QA-QC,CalVer-1_5.55ppm,NA,NA,0,1.274,5.433,5.34,13.024,0.109
22,Lab,QA-QC,CalVer-2_5.77ppm,NA,NA,0,1.267,5.576,5.466,13.331,0.099
22,Tunnel,Grab,R1,NA,NA,0,0.134,7.752,6.255,15.255,0.263
22,Tunnel,Grab,R2,NA,NA,0.028,0.145,7.708,6.244,15.229,0.27
22,Cragg-crk,Grab,Grab,NA,NA,0,0.193,7.954,6.687,16.311,0.276
22,Jarvis,Grab,Grab,NA,NA,0,0.257,9.904,8.129,19.826,0.352
22,Rithet,Grab,Grab,NA,NA,0,0.178,7.141,5.996,14.623,0.26
22,Judge-crk,Grab,Grab,NA,NA,0,0.127,7.225,6.105,14.889,0.281
23,Cragg-crk,Grab,Grab,2020-01-09T17:58:00Z,NA,0,0.001,6.171,5.347,13.04,0.244
23,Cragg-crk,Grab,Grab,2020-01-10T20:03:00Z,NA,0,0,5.715,4.978,12.141,0.245
23,Cragg-crk,Grab,Grab,2020-01-30T21:30:00Z,NA,0,0,5.45,4.637,11.309,0.2
23,Cragg-crk,Grab,Grab,2020-02-06T23:30:00Z,NA,0,0,5.239,4.538,11.069,0.224
23,Cragg-crk,Grab,Grab,2020-02-18T20:20:00Z,NA,0,0,4.605,4.062,9.907,0.212
23,Cragg-crk,Grab,Grab,2020-02-19T22:00:00Z,NA,0,0,4.465,3.86,9.414,0.182
23,Cragg-crk,Rack,L1,NA,75,0,0.115,7.424,6.221,15.173,0.273
23,Cragg-crk,Rack,L2,NA,91,0,0.114,7.368,6.208,15.142,0.254
23,Cragg-crk,Rack,L3,NA,124,0,0.046,6.599,5.683,13.862,0.263
23,Cragg-crk,FL_Rack,FL2,NA,83,0,0.104,6.789,5.799,14.143,0.251
23,Cragg-crk,FL_Rack,FL1,NA,106,0,0.1,7.344,6.211,15.149,0.264
23,Chris-crk,Grab,Grab,2020-01-09T19:20:00Z,NA,0,0,4.229,3.736,9.112,0.197
23,Chris-crk,Rack,L6,NA,115,0,0.075,6.132,5.138,12.53,0.213
23,Deception-res,Grab,Grab,2020-02-18T17:00:00Z,NA,0,0.115,6.156,5.196,12.673,0.221
23,Judge-crk,Grab,Grab,2020-02-18T22:00:00Z,NA,0,0.053,6.019,5.061,12.345,0.227
23,Judge-crk,Grab,Grab,2020-02-19T23:00:00Z,NA,0,0.04,5.92,5.042,12.298,0.221
23,Rithet-crk,Grab,Grab,2020-02-20T00:00:00Z,NA,0,0,3.188,2.808,6.85,0.159
23,Rithet-crk,Grab,Grab,2020-02-20T08:00:00Z,NA,0,0,3.347,2.925,7.135,0.169
23,Jordan-trib,Grab,Grab,2020-01-09T22:09:00Z,NA,0,0.191,5.63,4.892,11.931,0.207
NA,Lab,QA-QC,RO,NA,NA,NA,NA,NA,NA,NA,NA
NA,West-Leech,Grab,Grab,2020-01-08T20:45:00Z,NA,0,0,5.598,4.621,11.271,0.226
NA,West-Leech,Grab,Grab,2020-01-30T17:30:00Z,NA,0,0,4.978,4.2,10.245,0.205
NA,West-Leech,Grab,Grab,2020-02-08T08:00:00Z,NA,0,0,5.063,4.207,10.262,0.214
NA,West-Leech,Grab,Grab,2020-02-19T18:00:00Z,NA,0,0,4.352,3.616,8.82,0.175
NA,West-Leech,Rack,L1,NA,37,0,0.068,6.869,5.642,13.76,0.26
NA,West-Leech,Rack,L2,NA,51,0.959,0.114,8.274,6.633,16.177,0.298
NA,West-Leech,Rack,L3,NA,67,0,0.018,5.603,4.615,11.256,0.208
NA,West-Leech,Rack,L4,NA,83,0.703,0,6.116,4.9,11.952,0.247
NA,West-Leech,Rack,L5,NA,101,1.731,0.104,7.811,5.988,14.604,0.263
NA,West-Leech,Rack,L6,NA,119,0.532,0.033,6.646,5.305,12.938,0.235
NA,West-Leech,Rack,L7,NA,136,13.199,0,8.357,5.451,13.296,0.255
NA,Tunnel,Grab,Grab,2020-01-30T20:30:00Z,NA,0,0,5.649,4.615,11.257,0.206
NA,Tunnel,Grab,Grab,2020-02-18T19:00:00Z,NA,0,0,5.044,4.255,10.378,0.216
NA,Tunnel,Grab,Grab,2020-02-19T19:00:00Z,NA,0,0,4.951,4.048,9.873,0.206
NA,Tunnel,Rack,L1,NA,41,0,0.05,6.961,5.577,13.603,0.264
NA,Tunnel,Rack,L2,NA,57,0,0.076,7.239,5.662,13.809,0.269
NA,Tunnel,Rack,L3,NA,70,0,0.075,7.039,5.57,13.584,0.26
NA,Tunnel,Rack,L4,NA,87,2.562,0.1,7.529,5.688,13.874,0.252
NA,Tunnel,Rack,L5,NA,103,6.136,0.076,7.926,5.655,13.793,0.25
NA,Tunnel,Rack,L6,NA,117,0,0.098,7.455,5.858,14.289,0.274
NA,Leech-head,Grab,Grab,2020-02-20T18:00:00Z,NA,0.285,0.17,8.48,6.759,16.484,0.274
NA,Leech-head,Rack,L1,NA,129,0,0.189,8.427,6.769,16.51,0.28
NA,Leech-head,Rack,L2,NA,137,0,0.125,7.696,6.315,15.403,0.264
NA,Leech-head,Rack,L3,NA,155,0,0.101,7.401,6.081,14.832,0.271
NA,Leech-head,Rack,L4,NA,165,67.576,0,14.982,5.685,13.865,0.284
NA,Leech-head,Rack,L6,NA,195,0,0.019,5.681,4.794,11.692,0.235
NA,Weeks-out,Grab,Grab,2020-01-09T19:35:00Z,NA,0,0.331,10.526,8.69,21.194,0.372
NA,Weeks-out,Grab,Grab,2020-02-20T08:00:00Z,NA,1.003,0.354,11.817,9.358,22.825,0.384
NA,Weeks-out,Rack,L1,NA,89,0.662,0.088,6.747,5.389,13.145,0.221
NA,Weeks-out,Rack,L2,NA,98,0,0.051,6.545,5.379,13.119,0.234
NA,Weeks-out,Rack,L3,NA,115,0,0.04,6.339,5.121,12.489,0.224
NA,Weeks-out,Rack,L4,NA,127,0,0.159,7.683,6.379,15.558,0.26
NA,Chris-crk,Grab,Grab,2020-02-20T21:00:00Z,NA,0,0,3.602,3.032,7.395,0.143
NA,Chris-crk,Rack,L1,NA,37,0,0.117,7.079,5.934,14.472,0.264
NA,Chris-crk,Rack,L2,NA,48,0,0.073,6.636,5.579,13.607,0.242
NA,Chris-crk,Rack,L3,NA,66,0,0,3.429,2.807,6.847,0.158
NA,Chris-crk,Rack,L4,NA,81,0,0,5.581,4.649,11.338,0.202
NA,Chris-crk,Rack,L5,NA,97,0,0,5.096,4.204,10.254,0.194
NA,Leech-dwnstrm-confl,Grab,Grab,2020-02-08T19:10:00Z,NA,0,0,5.16,4.262,10.395,0.196
